X.source..id,title,Outcome,surgical_arm,medical_arm,study,year of study,journal,journal_type,direction,event surg,all surg,event control,all control,study total,mean surg,SD surg,mean control,SD control
CD001081.PUB4,Carotid endarterectomy for symptomatic carotid stenosis,Any stroke or operative death,Aspirin and carotid surgery,Aspirin,NASCET,1991,NEJM,general,surgery,302,1445,370,1449,2894,,,,
CD001081.PUB4,Carotid endarterectomy for symptomatic carotid stenosis,"Ipsilateral ischaemic stroke, and any operative stroke or death",Aspirin and carotid surgery,Aspirin,NASCET,1991,NEJM,general,surgery,183,1445,268,1449,2894,,,,
CD001081.PUB4,Carotid endarterectomy for symptomatic carotid stenosis,Any stroke or operative death,Aspirin and carotid surgery,Aspirin,ECST,1998,Lancet,general,inconclusive,276,1800,207,1208,3008,,,,
CD001081.PUB4,Carotid endarterectomy for symptomatic carotid stenosis,"Ipsilateral ischaemic stroke, and any operative stroke or death",Aspirin and carotid surgery,Aspirin,ECST,1998,Lancet,general,inconclusive,204,1800,140,1208,3008,,,,
CD001081.PUB4,Carotid endarterectomy for symptomatic carotid stenosis,Any stroke or operative death,Aspirin and carotid surgery,Aspirin,VACSP,1991,JAMA,general,inconclusive,8,91,7,97,188,,,,
CD001081.PUB4,Carotid endarterectomy for symptomatic carotid stenosis,"Ipsilateral ischaemic stroke, and any operative stroke or death",Aspirin and carotid surgery,Aspirin,VACSP,1991,JAMA,general,inconclusive,8,91,4,97,188,,,,
CD010244.PUB2,Resection versus other treatments for locally advanced pancreatic cancer,Overall mortality (5 y),Pancreatic resection,Chemoradiotherapy,Doi,2006,Pancreatology,mostly non-surgical,inconclusive,2,20,0,22,42,,,,
CD010244.PUB2,Resection versus other treatments for locally advanced pancreatic cancer,Overall mortality (5 y),Pancreatic resection,Chemoradiotherapy,Lygidakis,2004,Hepatogastroenterology,mostly non-surgical,inconclusive,5,27,0,29,56,,,,
CD012602.PUB2,Methods for managing miscarriage: a network meta_analysis,"Complete miscarriage
",Suction aspiration,Misoprostol,Graziosi,2004,Human Reproduction,mostly non-surgical,surgery,72,75,42,79,154,,,,
CD012602.PUB2,Methods for managing miscarriage: a network meta_analysis,"Complete miscarriage
",Suction aspiration,Misoprostol,Muffley,2002,American Journal of Obstetrics and Gynecology,mostly surgical,surgery,25,25,15,25,50,,,,
CD012602.PUB2,Methods for managing miscarriage: a network meta_analysis,"Complete miscarriage
",Suction aspiration,Misoprostol,Shaheen,2007,Pakistan Journal of Medical and Health Sciences,general,surgery,48,52,40,52,104,,,,
CD012602.PUB2,Methods for managing miscarriage: a network meta_analysis,"Complete miscarriage
",Suction aspiration,Misoprostol,Bique,2007,International Journal of Gynecology & Obstetrics,mostly surgical,surgery,101,101,101,111,212,,,,
CD012602.PUB2,Methods for managing miscarriage: a network meta_analysis,"Complete miscarriage
",Suction aspiration,Misoprostol,Chigbu,2012,East African Medical Journal,general,inconclusive,160,160,158,160,320,,,,
CD012602.PUB2,Methods for managing miscarriage: a network meta_analysis,"Complete miscarriage
",Suction aspiration,Misoprostol,Dabash,2010,International Journal of Gynecology & Obstetrics,mostly surgical,inconclusive,346,347,342,348,695,,,,
CD012602.PUB2,Methods for managing miscarriage: a network meta_analysis,"Complete miscarriage
",Suction aspiration,Misoprostol,Dao,2007,BJOG: an international journal of obstetrics and gynaecology,mostly surgical,surgery,222,224,206,218,442,,,,
CD012602.PUB2,Methods for managing miscarriage: a network meta_analysis,"Complete miscarriage
",Suction aspiration,Misoprostol,Das,2014,Journal of the Liaquat University of Medical and Health Sciences,general,inconclusive,109,111,108,111,222,,,,
CD012602.PUB2,Methods for managing miscarriage: a network meta_analysis,"Complete miscarriage
",Suction aspiration,Misoprostol,Ibiyemi,2018,Sultan Qaboos University Medical Journal,general,surgery,97,98,83,100,198,,,,
CD012602.PUB2,Methods for managing miscarriage: a network meta_analysis,"Complete miscarriage
",Suction aspiration,Misoprostol,Montesinos,2011,International Journal of Gynecology & Obstetrics,mostly surgical,surgery,97,97,100,106,203,,,,
CD012602.PUB2,Methods for managing miscarriage: a network meta_analysis,"Complete miscarriage
",Suction aspiration,Misoprostol,Nwafor,2020,Nigerian Journal of Clinical Practice,general,surgery,44,46,38,48,94,,,,
CD012602.PUB2,Methods for managing miscarriage: a network meta_analysis,"Complete miscarriage
",Suction aspiration,Misoprostol,Patua,2013,Archives of Gynecology and Obstetrics,mostly surgical,inconclusive,48,50,42,48,98,,,,
CD012602.PUB2,Methods for managing miscarriage: a network meta_analysis,"Complete miscarriage
",Suction aspiration,Misoprostol,Sahin,2001,European Journal of Contraception & Reproductive Health Care,mostly non-surgical,inconclusive,40,40,38,40,80,,,,
CD012602.PUB2,Methods for managing miscarriage: a network meta_analysis,"Complete miscarriage
",Suction aspiration,Misoprostol,Shwekerela,2007,BJOG: an international journal of obstetrics and gynaecology,mostly surgical,inconclusive,150,150,149,150,300,,,,
CD012602.PUB2,Methods for managing miscarriage: a network meta_analysis,"Complete miscarriage
",Suction aspiration,Misoprostol,Taylor,2011,International Journal of Gynecology & Obstetrics,mostly surgical,inconclusive,109,110,106,108,218,,,,
CD012602.PUB2,Methods for managing miscarriage: a network meta_analysis,"Complete miscarriage
",Suction aspiration,Misoprostol,Weeks,2005,Obstetrics & Gynecology,mostly surgical,inconclusive,75,82,103,107,189,,,,
CD012602.PUB2,Methods for managing miscarriage: a network meta_analysis,"Complete miscarriage
",Suction aspiration,Misoprostol,Chung,1999,British Journal of Obstetrics and Gynaecology,mostly surgical,inconclusive,308,314,318,321,635,,,,
CD012602.PUB2,Methods for managing miscarriage: a network meta_analysis,"Complete miscarriage
",Suction aspiration,Misoprostol,Demetroulis,2001,Human Reproduction,mostly non-surgical,surgery,40,40,33,40,80,,,,
CD012602.PUB2,Methods for managing miscarriage: a network meta_analysis,"Complete miscarriage
",Suction aspiration,Misoprostol,Ganguly,2010,Nepal Journal of Obstetrics and Gynaecology,mostly surgical,surgery,59,60,98,120,180,,,,
CD012602.PUB2,Methods for managing miscarriage: a network meta_analysis,"Complete miscarriage
",Suction aspiration,Misoprostol,Kashif,2020,Pakistan Journal of Medical and Health Sciences,general,surgery,30,30,22,30,60,,,,
CD012602.PUB2,Methods for managing miscarriage: a network meta_analysis,"Complete miscarriage
",Suction aspiration,Misoprostol,Kong,2013,Australian & New Zealand Journal of Obstetrics & Gynaecology,mostly surgical,surgery,54,55,42,60,115,,,,
CD012602.PUB2,Methods for managing miscarriage: a network meta_analysis,"Complete miscarriage
",Suction aspiration,Misoprostol,Zhang,2005,American Journal of Obstetrics & Gynecology,mostly surgical,surgery,143,148,412,488,636,,,,
CD012602.PUB2,Methods for managing miscarriage: a network meta_analysis,Composite outcome of death or serious complication,Suction aspiration,Misoprostol,Chung,1999,British Journal of Obstetrics and Gynaecology,mostly surgical,inconclusive,6,314,0,321,635,,,,
CD012602.PUB2,Methods for managing miscarriage: a network meta_analysis,Composite outcome of death or serious complication,Suction aspiration,Misoprostol,Dao,2007,BJOG: an international journal of obstetrics and gynaecology,mostly surgical,inconclusive,0,224,1,218,442,,,,
CD012602.PUB2,Methods for managing miscarriage: a network meta_analysis,Composite outcome of death or serious complication,Suction aspiration,Misoprostol,Demetroulis,2001,Human Reproduction,mostly non-surgical,inconclusive,0,40,0,40,80,,,,
CD012602.PUB2,Methods for managing miscarriage: a network meta_analysis,Composite outcome of death or serious complication,Suction aspiration,Misoprostol,Ganguly,2010,Nepal Journal of Obstetrics and Gynaecology,mostly surgical,inconclusive,1,60,3,120,180,,,,
CD012602.PUB2,Methods for managing miscarriage: a network meta_analysis,Composite outcome of death or serious complication,Suction aspiration,Misoprostol,Graziosi,2004,Human Reproduction,mostly non-surgical,inconclusive,2,75,0,79,154,,,,
CD012602.PUB2,Methods for managing miscarriage: a network meta_analysis,Composite outcome of death or serious complication,Suction aspiration,Misoprostol,Ibiyemi,2018,Sultan Qaboos University Medical Journal,general,inconclusive,0,98,0,100,198,,,,
CD012602.PUB2,Methods for managing miscarriage: a network meta_analysis,Composite outcome of death or serious complication,Suction aspiration,Misoprostol,Muffley,2002,American Journal of Obstetrics and Gynecology,mostly surgical,inconclusive,1,25,0,25,50,,,,
CD012602.PUB2,Methods for managing miscarriage: a network meta_analysis,Composite outcome of death or serious complication,Suction aspiration,Misoprostol,Taylor,2011,International Journal of Gynecology & Obstetrics,mostly surgical,inconclusive,0,110,1,108,218,,,,
CD012602.PUB2,Methods for managing miscarriage: a network meta_analysis,Composite outcome of death or serious complication,Suction aspiration,Misoprostol,Weeks,2005,Obstetrics & Gynecology,mostly surgical,inconclusive,0,82,0,107,189,,,,
CD012602.PUB2,Methods for managing miscarriage: a network meta_analysis,"Complete miscarriage
",Suction aspiration,Misoprostol and mifepristone,Trinder,2006,BJOG: an international journal of obstetrics and gynaecology,mostly surgical,surgery,290,310,192,308,618,,,,
CD012602.PUB2,Methods for managing miscarriage: a network meta_analysis,"Complete miscarriage
",Suction aspiration,Misoprostol and mifepristone,Niinimaki,2006,Fertility and Sterility,mostly non-surgical,surgery,49,49,44,49,98,,,,
CD012602.PUB2,Methods for managing miscarriage: a network meta_analysis,Composite outcome of death or serious complication,Suction aspiration,Misoprostol and mifepristone,Trinder,2006,BJOG: an international journal of obstetrics and gynaecology,mostly surgical,inconclusive,0,310,3,308,618,,,,
CD012602.PUB2,Methods for managing miscarriage: a network meta_analysis,"Complete miscarriage
",Dilatation and curretage,Misoprostol,Shuaib,2013,Alexandria Journal of Medicine,general,surgery,55,55,42,52,107,,,,
CD012602.PUB2,Methods for managing miscarriage: a network meta_analysis,"Complete miscarriage
",Dilatation and curretage,Misoprostol,Moodliar,2005,International Journal of Gynecology and Obstetrics,mostly surgical,surgery,47,47,43,47,94,,,,
CD012602.PUB2,Methods for managing miscarriage: a network meta_analysis,"Complete miscarriage
",Dilatation and curretage,Misoprostol,de Jonge,1995,BMJ,general,surgery,26,27,3,23,50,,,,
CD012602.PUB2,Methods for managing miscarriage: a network meta_analysis,"Complete miscarriage
",Dilatation and curretage,Misoprostol,Kyaw,2015,Journal of Obstetrics and Gynaecology Research,mostly surgical,surgery,54,54,32,50,104,,,,
CD012602.PUB2,Methods for managing miscarriage: a network meta_analysis,Composite outcome of death or serious complication,Dilatation and curretage,Misoprostol,de Jonge,1995,BMJ,general,inconclusive,7,27,7,23,50,,,,
CD012602.PUB2,Methods for managing miscarriage: a network meta_analysis,Composite outcome of death or serious complication,Dilatation and curretage,Misoprostol,Shuaib,2013,Alexandria Journal of Medicine,general,inconclusive,1,55,0,52,107,,,,
CD006983.PUB3,Decompressive surgery for treating nerve damage in leprosy,Change in sensory score after one year,Decompressive surgery,Prednisolone,Ebenezer,1996,International Journal of Leprosy and Other Mycobacterial Diseases,mostly non-surgical,inconclusive,,29,,28,57,2.08,4.74,2,5
CD006983.PUB3,Decompressive surgery for treating nerve damage in leprosy,Proportion of ulnar nerves with sensory improvement after one year,Decompressive surgery,Prednisolone,Pannikar,1984,International Journal of Leprosy and Other Mycobacterial Diseases,mostly non-surgical,inconclusive,18,31,16,31,62,,,,
CD006983.PUB3,Decompressive surgery for treating nerve damage in leprosy,Change in motor score after one year,Decompressive surgery,Prednisolone,Ebenezer,1996,International Journal of Leprosy and Other Mycobacterial Diseases,mostly non-surgical,inconclusive,,29,,28,57,3.08,2.53,2.26,5.29
CD006983.PUB3,Decompressive surgery for treating nerve damage in leprosy,Proportion of ulnar nerves with motor improvement after one year,Decompressive surgery,Prednisolone,Pannikar,1984,International Journal of Leprosy and Other Mycobacterial Diseases,mostly non-surgical,inconclusive,20,31,22,31,62,,,,
CD009379.PUB2,Amniotic membrane transplantation for acute ocular burns,Epithelial defect on day 21 post_injury,Amniotic membrane transplantation and medication,"Lubrication, Antibiotics and Pressure lowering medication",Tandon,2011,British Journal of Ophthalmology,mostly surgical,inconclusive,17,33,21,35,68,,,,
CD009379.PUB2,Amniotic membrane transplantation for acute ocular burns,Visual acuity at final follow_up,Amniotic membrane transplantation and medication,"Lubrication, Antibiotics and Pressure lowering medication",Tandon,2011,British Journal of Ophthalmology,mostly surgical,drug,,33,,35,68,0.06,0.1,0.38,0.52
CD003431.PUB3,Non surgical therapy for anal fissure,NON _ Healing (persistence or recurrence) 2 mo,Lateral internal sphincterotomy,Medical therapy (mainly GTN and Botox),Evans,2001,Dis. Colon & Rectum,mostly surgical,surgery,9,31,24,34,65,,,,
CD003431.PUB3,Non surgical therapy for anal fissure,NON _ Healing (persistence or recurrence) 2 mo,Lateral internal sphincterotomy,Medical therapy (mainly GTN and Botox),Libertiny,2002,Eur J Surg,mostly surgical,surgery,1,35,19,35,70,,,,
CD003431.PUB3,Non surgical therapy for anal fissure,NON _ Healing (persistence or recurrence) 2 mo,Lateral internal sphincterotomy,Medical therapy (mainly GTN and Botox),Mentes,2001,Dis. Colon & Rectum,mostly surgical,inconclusive,3,50,16,61,111,,,,
CD003431.PUB3,Non surgical therapy for anal fissure,NON _ Healing (persistence or recurrence) 2 mo,Lateral internal sphincterotomy,Medical therapy (mainly GTN and Botox),Oettle,1997,Dis. Colon & Rectum,mostly surgical,inconclusive,0,12,2,12,24,,,,
CD003431.PUB3,Non surgical therapy for anal fissure,NON _ Healing (persistence or recurrence) 2 mo,Lateral internal sphincterotomy,Medical therapy (mainly GTN and Botox),Richard,2000,Dis. Colon & Rectum,mostly surgical,surgery,12,46,32,44,90,,,,
CD003431.PUB3,Non surgical therapy for anal fissure,NON _ Healing (persistence or recurrence) 2 mo,Lateral internal sphincterotomy,Medical therapy (mainly GTN and Botox),Arroyo,2005,Am J Surg,mostly surgical,surgery,3,40,22,40,80,,,,
CD003431.PUB3,Non surgical therapy for anal fissure,NON _ Healing (persistence or recurrence) 2 mo,Lateral internal sphincterotomy,Medical therapy (mainly GTN and Botox),Parellada,2004,Dis. Colon & Rectum,mostly surgical,inconclusive,0,27,3,24,51,,,,
CD003431.PUB3,Non surgical therapy for anal fissure,NON _ Healing (persistence or recurrence) 2 mo,Lateral internal sphincterotomy,Medical therapy (mainly GTN and Botox),Mishra,2005,ANZ J Surg,mostly surgical,inconclusive,3,20,2,20,40,,,,
CD003431.PUB3,Non surgical therapy for anal fissure,NON _ Healing (persistence or recurrence) 2 mo,Lateral internal sphincterotomy,Medical therapy (mainly GTN and Botox),Iswariah,2005,ANZ J Surg,mostly surgical,surgery,2,21,10,17,38,,,,
CD003431.PUB3,Non surgical therapy for anal fissure,NON _ Healing (persistence or recurrence) 2 mo,Lateral internal sphincterotomy,Medical therapy (mainly GTN and Botox),Ho,2005,Brit J Surg,mostly surgical,surgery,4,92,37,44,136,,,,
CD003431.PUB3,Non surgical therapy for anal fissure,NON _ Healing (persistence or recurrence) 2 mo,Lateral internal sphincterotomy,Medical therapy (mainly GTN and Botox),Boschetto,2004,Tech Coloproctology,mostly surgical,surgery,1,18,11,18,36,,,,
CD003431.PUB3,Non surgical therapy for anal fissure,NON _ Healing (persistence or recurrence) 2 mo,Lateral internal sphincterotomy,Medical therapy (mainly GTN and Botox),Eshghi,2007,Journal of Medical Sciences,general,surgery,13,30,22,30,60,,,,
CD003431.PUB3,Non surgical therapy for anal fissure,NON _ Healing (persistence or recurrence) 2 mo,Lateral internal sphincterotomy,Medical therapy (mainly GTN and Botox),Katsinelos,2006,International Journal of Colorectal Disease,mostly non-surgical,inconclusive,0,32,3,32,64,,,,
CD003431.PUB3,Non surgical therapy for anal fissure,NON _ Healing (persistence or recurrence) 2 mo,Lateral internal sphincterotomy,Medical therapy (mainly GTN and Botox),Siddique,2008,Bangladesh Medical Research Council Bulletin,general,surgery,0,31,10,33,64,,,,
CD003431.PUB3,Non surgical therapy for anal fissure,NON _ Healing (persistence or recurrence) 2 mo,Lateral internal sphincterotomy,Medical therapy (mainly GTN and Botox),Suknaic,2008,Acta Medica Croatica,general,inconclusive,4,25,6,25,50,,,,
CD001122.PUB5,Laparoscopic ovarian drilling for ovulation induction in women with anovulatory polycystic ovary syndrome,Live birth,Laparoscopic ovarian drilling,Medical ovulation induction,Palomba,2004,Fertility and Sterility,mostly non-surgical,drug,20,60,32,60,120,,,,
CD001122.PUB5,Laparoscopic ovarian drilling for ovulation induction in women with anovulatory polycystic ovary syndrome,Live birth,Laparoscopic ovarian drilling,Medical ovulation induction,Palomba,2010,American Journal of Obstetrics and Gynecology,mostly surgical,inconclusive,13,25,12,25,50,,,,
CD001122.PUB5,Laparoscopic ovarian drilling for ovulation induction in women with anovulatory polycystic ovary syndrome,Live birth,Laparoscopic ovarian drilling,Medical ovulation induction,Zakherah,2010,Fertility and Sterility,mostly non-surgical,inconclusive,33,75,37,75,150,,,,
CD001122.PUB5,Laparoscopic ovarian drilling for ovulation induction in women with anovulatory polycystic ovary syndrome,Live birth,Laparoscopic ovarian drilling,Medical ovulation induction,Bayram,2004,BMJ,general,inconclusive,52,83,51,85,168,,,,
CD001122.PUB5,Laparoscopic ovarian drilling for ovulation induction in women with anovulatory polycystic ovary syndrome,Live birth,Laparoscopic ovarian drilling,Medical ovulation induction,Farquhar,2002,Human Reproduction,mostly non-surgical,inconclusive,4,29,4,21,50,,,,
CD001122.PUB5,Laparoscopic ovarian drilling for ovulation induction in women with anovulatory polycystic ovary syndrome,Live birth,Laparoscopic ovarian drilling,Medical ovulation induction,Ghafarnegard,2010,Tehran University Medical Journal,general,inconclusive,8,50,10,50,100,,,,
CD001122.PUB5,Laparoscopic ovarian drilling for ovulation induction in women with anovulatory polycystic ovary syndrome,Live birth,Laparoscopic ovarian drilling,Medical ovulation induction,Yadav,2018,Journal of the South Asian Federation of Obstetrics and Gynaecology,mostly surgical,inconclusive,11,45,15,44,89,,,,
CD001122.PUB5,Laparoscopic ovarian drilling for ovulation induction in women with anovulatory polycystic ovary syndrome,Live birth,Laparoscopic ovarian drilling,Medical ovulation induction,Abdellah,2011,International Journal of Gynecology & Obstetrics,mostly surgical,inconclusive,16,73,23,74,147,,,,
CD001122.PUB5,Laparoscopic ovarian drilling for ovulation induction in women with anovulatory polycystic ovary syndrome,Live birth,Laparoscopic ovarian drilling,Medical ovulation induction,Liu,2015,Experimental and Therapeutic Medicine,general,inconclusive,16,70,27,71,141,,,,
CD001122.PUB5,Laparoscopic ovarian drilling for ovulation induction in women with anovulatory polycystic ovary syndrome,Multiple pregnancy,Laparoscopic ovarian drilling,Medical ovulation induction,Amer,2009,Human Reproduction,mostly non-surgical,inconclusive,0,36,0,36,72,,,,
CD001122.PUB5,Laparoscopic ovarian drilling for ovulation induction in women with anovulatory polycystic ovary syndrome,Multiple pregnancy,Laparoscopic ovarian drilling,Medical ovulation induction,Palomba,2004,Fertility and Sterility,mostly non-surgical,inconclusive,0,60,0,60,120,,,,
CD001122.PUB5,Laparoscopic ovarian drilling for ovulation induction in women with anovulatory polycystic ovary syndrome,Multiple pregnancy,Laparoscopic ovarian drilling,Medical ovulation induction,Palomba,2010,American Journal of Obstetrics and Gynecology,mostly surgical,inconclusive,0,25,0,25,50,,,,
CD001122.PUB5,Laparoscopic ovarian drilling for ovulation induction in women with anovulatory polycystic ovary syndrome,Multiple pregnancy,Laparoscopic ovarian drilling,Medical ovulation induction,Roy,2010,Archives of Gynecology and Obstetrics,mostly surgical,inconclusive,2,21,1,22,43,,,,
CD001122.PUB5,Laparoscopic ovarian drilling for ovulation induction in women with anovulatory polycystic ovary syndrome,Multiple pregnancy,Laparoscopic ovarian drilling,Medical ovulation induction,Bayram,2004,BMJ,general,inconclusive,1,83,9,85,168,,,,
CD001122.PUB5,Laparoscopic ovarian drilling for ovulation induction in women with anovulatory polycystic ovary syndrome,Multiple pregnancy,Laparoscopic ovarian drilling,Medical ovulation induction,Farquhar,2002,Human Reproduction,mostly non-surgical,inconclusive,0,29,0,21,50,,,,
CD001122.PUB5,Laparoscopic ovarian drilling for ovulation induction in women with anovulatory polycystic ovary syndrome,Multiple pregnancy,Laparoscopic ovarian drilling,Medical ovulation induction,Kaya,2005,Journal of Minimally Invasive Gynecology,mostly surgical,inconclusive,0,17,2,18,35,,,,
CD001122.PUB5,Laparoscopic ovarian drilling for ovulation induction in women with anovulatory polycystic ovary syndrome,Multiple pregnancy,Laparoscopic ovarian drilling,Medical ovulation induction,Lazoviz,1998,Fertility and Sterility,mostly non-surgical,inconclusive,0,29,2,28,57,,,,
CD001122.PUB5,Laparoscopic ovarian drilling for ovulation induction in women with anovulatory polycystic ovary syndrome,Multiple pregnancy,Laparoscopic ovarian drilling,Medical ovulation induction,Mehrabian,2012,Journal of the Pakistan Medical Association JPMA,general,inconclusive,1,52,5,52,104,,,,
CD001122.PUB5,Laparoscopic ovarian drilling for ovulation induction in women with anovulatory polycystic ovary syndrome,Multiple pregnancy,Laparoscopic ovarian drilling,Medical ovulation induction,Vegetti,1998,Human Reproduction,mostly non-surgical,inconclusive,0,16,1,13,29,,,,
CD001122.PUB5,Laparoscopic ovarian drilling for ovulation induction in women with anovulatory polycystic ovary syndrome,Multiple pregnancy,Laparoscopic ovarian drilling,Medical ovulation induction,Yadav,2018,Journal of the South Asian Federation of Obstetrics and Gynaecology,mostly surgical,inconclusive,2,45,6,44,89,,,,
CD001122.PUB5,Laparoscopic ovarian drilling for ovulation induction in women with anovulatory polycystic ovary syndrome,Multiple pregnancy,Laparoscopic ovarian drilling,Medical ovulation induction,Fernandez,2015,Journal de Gynecologie Obstetrique et Biologie de la Reproduction,mostly surgical,inconclusive,0,19,0,17,36,,,,
CD001122.PUB5,Laparoscopic ovarian drilling for ovulation induction in women with anovulatory polycystic ovary syndrome,Multiple pregnancy,Laparoscopic ovarian drilling,Medical ovulation induction,Abdellah,2011,International Journal of Gynecology & Obstetrics,mostly surgical,inconclusive,0,73,0,74,147,,,,
CD001122.PUB5,Laparoscopic ovarian drilling for ovulation induction in women with anovulatory polycystic ovary syndrome,Multiple pregnancy,Laparoscopic ovarian drilling,Medical ovulation induction,Malkawi,2003,Journal of Obstetrics and Gynaecology,mostly surgical,inconclusive,4,97,2,64,161,,,,
CD009366.PUB2,Lumbar sympathectomy versus prostanoids for critical limb ischaemia due to non_reconstructable peripheral arterial disease,Complete ulcer healing without rest pain or major amputation (intention to treat) 24 w,Open unilateral sympathectomy (L2-4),IV prostanoid iloprost,Bozkurt,2006,International Angiology,mostly surgical,drug,72,100,41,100,200,,,,
CD004982.PUB6,Treatment for superficial thrombophlebitis of the leg,Symptomatic VTE,Saphenofemoral disconnection,Therapeutic LMWH,Lozano,2003,Vascular and Endovascular Surgery,mostly surgical,inconclusive,0,30,2,30,60,,,,
CD004982.PUB6,Treatment for superficial thrombophlebitis of the leg,Major bleeding,Saphenofemoral disconnection,Therapeutic LMWH,Lozano,2003,Vascular and Endovascular Surgery,mostly surgical,inconclusive,0,30,0,30,,,,,
CD012017.PUB2,Grommets (ventilation tubes) for recurrent acute otitis media in children,Proportion of patients who have no AOM recurrences at 6 months post_randomisation,Grommets (ventilation tubes),Antibiotic prophylaxis,El-Sayed,1996,Australian Journal of Oto‐laryngology,mostly surgical,inconclusive,20,31,10,22,53,,,,
CD012017.PUB2,Grommets (ventilation tubes) for recurrent acute otitis media in children,Proportion of patients who have no AOM recurrences at 6 months post_randomisation,Grommets (ventilation tubes),Antibiotic prophylaxis,Gonzalez,1986,Laryngoscope,mostly surgical,inconclusive,12,22,5,21,43,,,,
CD004272.PUB3,Surgery versus primary endocrine therapy for operable primary breast cancer in elderly women (70 years plus),Overall survival,Surgery,Tamoxifen,EORTC 10851,1994,European Journal of Cancer,mostly non-surgical,inconclusive,60,82,50,82,164,,,,
CD004272.PUB3,Surgery versus primary endocrine therapy for operable primary breast cancer in elderly women (70 years plus),Overall survival,Surgery,Tamoxifen,Nottingham 1,2011,BMJ,general,inconclusive,66,66,63,65,131,,,,
CD004272.PUB3,Surgery versus primary endocrine therapy for operable primary breast cancer in elderly women (70 years plus),Overall survival,Surgery,Tamoxifen,St Georges,1994,Lancet,general,inconclusive,100,100,100,100,200,,,,
CD006714.PUB2,Surgical versus medical methods for second trimester induced abortion,Combined major and minor complications,Dilation and evacuation,Misoprostol,Grimes,1980,American Journal of Obstetrics and Gynecology,mostly surgical,surgery,3,50,15,44,94,,,,
CD010541.PUB3,Surgery for epilepsy,Proportion free from seizures at 1 year,Epilepsy surgery,Continued antiepileptic drugs,Wiebe,2001,NEJM,general,surgery,23,40,3,40,80,,,,
CD010541.PUB3,Surgery for epilepsy,Proportion free from seizures at 1 year,Epilepsy surgery,Continued antiepileptic drugs,Dwivedi,2017,NEJM,general,surgery,44,57,4,59,116,,,,
CD010541.PUB3,Surgery for epilepsy,Proportion free from all seizures (including auras) at 1 year,Epilepsy surgery,Continued antiepileptic drugs,Wiebe,2001,NEJM,general,surgery,15,40,1,40,80,,,,
CD013034.PUB2,Surgery for patellar tendinopathy (jumper's knee),"Knee pain (0-100, 12 mo)",Arthroscopic surgery,Sclerosing injection,Willberg,2011,British Journal of Sports Medicine,mostly non-surgical,surgery,,25,,25,50,12.8,19.3,41.1,28.5
CD013034.PUB2,Surgery for patellar tendinopathy (jumper's knee),"Participant global assessment of success (0-100, 12 mo)",Arthroscopic surgery,Sclerosing injection,Willberg,2011,British Journal of Sports Medicine,mostly non-surgical,surgery,,25,,25,50,86.8,20.8,52.9,32.6
CD013034.PUB2,Surgery for patellar tendinopathy (jumper's knee),Withdrawal rate,Arthroscopic surgery,Sclerosing injection,Willberg,2011,British Journal of Sports Medicine,mostly non-surgical,inconclusive,1,26,1,26,52,,,,
CD003712.PUB3,Transmyocardial laser revascularization versus medical therapy for refractory angina,Angina reduction,Transmyocardial lazer revascularization,Continued medication,Allen,1999,NEJM,general,surgery,58,132,45,143,275,,,,
CD003712.PUB3,Transmyocardial laser revascularization versus medical therapy for refractory angina,Angina reduction,Transmyocardial lazer revascularization,Continued medication,Burkhoff,1999,Lancet,general,surgery,47,92,8,90,182,,,,
CD003712.PUB3,Transmyocardial laser revascularization versus medical therapy for refractory angina,Angina reduction,Transmyocardial lazer revascularization,Continued medication,Frazier,1999,NEJM,general,surgery,44,91,23,101,192,,,,
CD003712.PUB3,Transmyocardial laser revascularization versus medical therapy for refractory angina,Angina reduction,Transmyocardial lazer revascularization,Continued medication,Jones,1999,Annals of Thoracic Surgery,mostly surgical,surgery,29,43,0,43,86,,,,
CD003712.PUB3,Transmyocardial laser revascularization versus medical therapy for refractory angina,Angina reduction,Transmyocardial lazer revascularization,Continued medication,Schofield,1999,Lancet,general,surgery,18,94,3,94,188,,,,
CD003712.PUB3,Transmyocardial laser revascularization versus medical therapy for refractory angina,Angina reduction,Transmyocardial lazer revascularization,Continued medication,Aaberge,2000,JACC,mostly non-surgical,surgery,19,49,0,49,98,,,,
CD003712.PUB3,Transmyocardial laser revascularization versus medical therapy for refractory angina,Angina reduction,Transmyocardial lazer revascularization,Continued medication,van der Sloot,2004,Annals of Thoracic Surgery,mostly surgical,surgery,11,15,0,15,30,,,,
CD003712.PUB3,Transmyocardial laser revascularization versus medical therapy for refractory angina,Overall mortality,Transmyocardial lazer revascularization,Continued medication,Aaberge,2000,JACC,mostly non-surgical,inconclusive,6,50,4,50,100,,,,
CD003712.PUB3,Transmyocardial laser revascularization versus medical therapy for refractory angina,Overall mortality,Transmyocardial lazer revascularization,Continued medication,Allen,1999,NEJM,general,inconclusive,21,132,16,143,275,,,,
CD003712.PUB3,Transmyocardial laser revascularization versus medical therapy for refractory angina,Overall mortality,Transmyocardial lazer revascularization,Continued medication,Burkhoff,1999,Lancet,general,inconclusive,5,92,9,90,182,,,,
CD003712.PUB3,Transmyocardial laser revascularization versus medical therapy for refractory angina,Overall mortality,Transmyocardial lazer revascularization,Continued medication,Frazier,1999,NEJM,general,inconclusive,14,91,22,101,192,,,,
CD003712.PUB3,Transmyocardial laser revascularization versus medical therapy for refractory angina,Overall mortality,Transmyocardial lazer revascularization,Continued medication,van der Sloot,2004,Annals of Thoracic Surgery,mostly surgical,inconclusive,1,15,0,15,30,,,,
CD003712.PUB3,Transmyocardial laser revascularization versus medical therapy for refractory angina,Overall mortality,Transmyocardial lazer revascularization,Continued medication,Schofield,1999,Lancet,general,inconclusive,11,94,4,94,188,,,,
CD003712.PUB3,Transmyocardial laser revascularization versus medical therapy for refractory angina,Overall mortality,Transmyocardial lazer revascularization,Continued medication,Jones,1999,Annals of Thoracic Surgery,mostly surgical,inconclusive,5,43,5,43,86,,,,
CD003712.PUB3,Transmyocardial laser revascularization versus medical therapy for refractory angina,Early postoperative mortality (30 d),Transmyocardial lazer revascularization,Continued medication,Aaberge,2000,JACC,mostly non-surgical,inconclusive,2,50,0,50,100,,,,
CD003712.PUB3,Transmyocardial laser revascularization versus medical therapy for refractory angina,Early postoperative mortality (30 d),Transmyocardial lazer revascularization,Continued medication,Allen,1999,NEJM,general,inconclusive,7,132,6,143,275,,,,
CD003712.PUB3,Transmyocardial laser revascularization versus medical therapy for refractory angina,Early postoperative mortality (30 d),Transmyocardial lazer revascularization,Continued medication,Burkhoff,1999,Lancet,general,inconclusive,1,92,0,90,182,,,,
CD003712.PUB3,Transmyocardial laser revascularization versus medical therapy for refractory angina,Early postoperative mortality (30 d),Transmyocardial lazer revascularization,Continued medication,Frazier,1999,NEJM,general,inconclusive,3,91,11,101,192,,,,
CD003712.PUB3,Transmyocardial laser revascularization versus medical therapy for refractory angina,Early postoperative mortality (30 d),Transmyocardial lazer revascularization,Continued medication,Schofield,1999,Lancet,general,inconclusive,5,94,0,94,188,,,,
CD003712.PUB3,Transmyocardial laser revascularization versus medical therapy for refractory angina,Early postoperative mortality (30 d),Transmyocardial lazer revascularization,Continued medication,van der Sloot,2004,Annals of Thoracic Surgery,mostly surgical,inconclusive,1,15,0,15,30,,,,
CD003951.PUB3,Surgical versus medical treatment with cyclooxygenase inhibitors for symptomatic patent ductus arteriosus in preterm infants,Death before discharge,Surgical closure,IV indomethacin,Gersony,1983,Journal of Pediatrics,mostly non-surgical,inconclusive,12,79,17,75,154,,,,
CD009526.PUB2,Ovarian surgery for symptom relief in women with polycystic ovary syndrome,Menstrual regularity at 6 months LOD v medical interventions,Laparoscopic ovarian drilling,Metformin + Clomiphene,Palomba,2010,American Journal of Obstetrics and Gynecology,mostly surgical,inconclusive,17,25,20,25,50,,,,
CD009526.PUB2,Ovarian surgery for symptom relief in women with polycystic ovary syndrome,Menstrual regularity at 6 months LOD v medical interventions,Laparoscopic ovarian drilling,Metformin + Clomiphene,Hashim,2010,Archives of Gynecology and Obstetrics,mostly surgical,inconclusive,103,144,95,138,282,,,,
CD009526.PUB2,Ovarian surgery for symptom relief in women with polycystic ovary syndrome,Menstrual regularity at 6 months LOD v medical interventions,Laparoscopic ovarian drilling,Gonadotropins,Kaya,2005,Journal of Minimally Invasive Gynecology,mostly surgical,inconclusive,12,17,2,18,35,,,,
CD009526.PUB2,Ovarian surgery for symptom relief in women with polycystic ovary syndrome,Menstrual regularity at 6 months LOD v medical interventions,Laparoscopic ovarian drilling,Letrozole,Hashim,2011,Journal of Obstetrics and Gynaecology Research,mostly surgical,inconclusive,93,132,88,128,260,,,,
CD009526.PUB2,Ovarian surgery for symptom relief in women with polycystic ovary syndrome,Menstrual regularity at 6 months LOD v medical interventions,Laparoscopic ovarian drilling,Metformin + Letrozol,Elgafor,2013,Archives of Gynecology and Obstetrics,mostly surgical,inconclusive,37,73,38,73,146,,,,
CD009526.PUB2,Ovarian surgery for symptom relief in women with polycystic ovary syndrome,Menstrual regularity at 6 months LOD v medical interventions,Laparoscopic ovarian drilling,Metformin,Hamed,2010,International Journal of Gynecology and Obstetrics,mostly surgical,surgery,22,63,31,63,,,,,
CD009526.PUB2,Ovarian surgery for symptom relief in women with polycystic ovary syndrome,Menstrual regularity at 6 months LOD v medical interventions,Laparoscopic ovarian drilling,Metformin,Ashrafinia,2009,International Journal of Obstetrics and Gynaecology,mostly surgical,inconclusive,42,55,32,55,,,,,
CD009526.PUB2,Ovarian surgery for symptom relief in women with polycystic ovary syndrome,Improvement in androgenic symptoms at 6 months,Laparoscopic ovarian drilling,Metformin,Ashrafinia,2009,International Journal of Obstetrics and Gynaecology,mostly surgical,inconclusive,13,63,13,63,126,,,,
CD009526.PUB2,Ovarian surgery for symptom relief in women with polycystic ovary syndrome,Improvement in androgenic symptoms at 6 months,Laparoscopic ovarian drilling,Gonadotropins,Farquhar,2002,Human Reproduction,mostly non-surgical,inconclusive,7,29,2,21,50,,,,
CD003855.PUB3,Surgery versus medical therapy for heavy menstrual bleeding,Control of bleeding (cure or improvement to acceptable level) 4 mo,Transcervical resection of endometrium using rollerball coagulation,Hormone therapy or antifibrinolytic,Cooper,1997,British Journal of Obstetrics and Gynaecology,mostly surgical,surgery,77,93,29,93,186,,,,
CD003855.PUB3,Surgery versus medical therapy for heavy menstrual bleeding,Control of bleeding (cure or improvement to acceptable level) 2 y,Transcervical resection of endometrium using rollerball coagulation,Hormone therapy or antifibrinolytic,Cooper,1997,British Journal of Obstetrics and Gynaecology,mostly surgical,surgery,69,87,53,86,173,,,,
CD003855.PUB3,Surgery versus medical therapy for heavy menstrual bleeding,Control of bleeding (cure or improvement to acceptable level) 5 y,Transcervical resection of endometrium using rollerball coagulation,Hormone therapy or antifibrinolytic,Cooper,1997,British Journal of Obstetrics and Gynaecology,mostly surgical,inconclusive,61,71,52,69,140,,,,
CD003855.PUB3,Surgery versus medical therapy for heavy menstrual bleeding,Overall satisfaction with treatment 4 mo,Transcervical resection of endometrium using rollerball coagulation,Hormone therapy or antifibrinolytic,Cooper,1997,British Journal of Obstetrics and Gynaecology,mostly surgical,surgery,70,93,25,93,186,,,,
CD003855.PUB3,Surgery versus medical therapy for heavy menstrual bleeding,Overall satisfaction with treatment 2 y,Transcervical resection of endometrium using rollerball coagulation,Hormone therapy or antifibrinolytic,Cooper,1997,British Journal of Obstetrics and Gynaecology,mostly surgical,surgery,68,87,48,86,173,,,,
CD003855.PUB3,Surgery versus medical therapy for heavy menstrual bleeding,Overall satisfaction with treatment 5 y,Transcervical resection of endometrium using rollerball coagulation,Hormone therapy or antifibrinolytic,Cooper,1997,British Journal of Obstetrics and Gynaecology,mostly surgical,inconclusive,58,72,49,69,141,,,,
CD003855.PUB3,Surgery versus medical therapy for heavy menstrual bleeding,Adverse events at 4 months,Transcervical resection of endometrium using rollerball coagulation,Hormone therapy or antifibrinolytic,Cooper,1997,British Journal of Obstetrics and Gynaecology,mostly surgical,surgery,12,93,46,93,186,,,,
CD003037.PUB2,Medical versus surgical methods for first trimester termination of pregnancy,Abortion not completeted with intended method,Suction aspiration,Vaginal suppositories or im inj. of 9-methylene-PGE2,Rosen,1984,Contraception,mostly non-surgical,inconclusive,0,18,1,35,53,,,,
CD003037.PUB2,Medical versus surgical methods for first trimester termination of pregnancy,Abortion not completeted with intended method,Suction aspiration,Vaginal suppositories or im inj. of 9-methylene-PGE2,WHO,1987,British Journal of Obstetrics and Gynaecology,mostly surgical,surgery,6,216,15,203,419,,,,
CD003037.PUB2,Medical versus surgical methods for first trimester termination of pregnancy,Ongoing pregnancy,Suction aspiration,Vaginal suppositories or im inj. of 9-methylene-PGE2,Rosen,1984,Contraception,mostly non-surgical,inconclusive,0,18,1,35,53,,,,
CD003037.PUB2,Medical versus surgical methods for first trimester termination of pregnancy,Ongoing pregnancy,Suction aspiration,Vaginal suppositories or im inj. of 9-methylene-PGE2,WHO,1987,British Journal of Obstetrics and Gynaecology,mostly surgical,inconclusive,7,216,31,203,419,,,,
CD003037.PUB2,Medical versus surgical methods for first trimester termination of pregnancy,Pelvic infection,Suction aspiration,Vaginal suppositories or im inj. of 9-methylene-PGE2,WHO,1987,British Journal of Obstetrics and Gynaecology,mostly surgical,inconclusive,8,203,4,216,419,,,,
CD007223.PUB4,Medical treatments for incomplete miscarriage,"Complete miscarriage
",Suction aspiration,Vaginal or oral misoprostol,Ganguly,2010,Nepal Journal of Obstetrics and Gynaecology,mostly surgical,surgery,37,37,63,77,175,,,,
CD007223.PUB4,Medical treatments for incomplete miscarriage,"Complete miscarriage
",Suction aspiration,Vaginal or oral misoprostol,Moodliar,2005,International Journal of Gynecology and Obstetrics,mostly surgical,inconclusive,47,47,43,47,65,,,,
CD007223.PUB4,Medical treatments for incomplete miscarriage,"Complete miscarriage
",Suction aspiration,Vaginal or oral misoprostol,Patua,2013,Archives of Gynecology and Obstetrics,mostly surgical,inconclusive,48,50,42,46,178,,,,
CD007223.PUB4,Medical treatments for incomplete miscarriage,"Complete miscarriage
",Suction aspiration,Vaginal or oral misoprostol,Shelley,2005,Australian and New Zealand Journal of Obstetrics and Gynaecology,mostly surgical,inconclusive,11,11,8,10,84,,,,
CD007223.PUB4,Medical treatments for incomplete miscarriage,"Complete miscarriage
",Suction aspiration,Vaginal or oral misoprostol,Zhang,2005,American Journal of Obstetrics & Gynecology,mostly surgical,inconclusive,8,9,25,30,72,,,,
CD007223.PUB4,Medical treatments for incomplete miscarriage,"Complete miscarriage
",Suction aspiration,Vaginal or oral misoprostol,Bique,2007,International Journal of Gynecology & Obstetrics,mostly surgical,surgery,101,101,101,111,122,,,,
CD007223.PUB4,Medical treatments for incomplete miscarriage,"Complete miscarriage
",Suction aspiration,Vaginal or oral misoprostol,Chigbu,2012,East African Medical Journal,general,inconclusive,160,160,158,160,253,,,,
CD007223.PUB4,Medical treatments for incomplete miscarriage,"Complete miscarriage
",Suction aspiration,Vaginal or oral misoprostol,Dao,2007,BJOG: an international journal of obstetrics and gynaecology,mostly surgical,surgery,222,224,206,218,310,,,,
CD007223.PUB4,Medical treatments for incomplete miscarriage,"Complete miscarriage
",Suction aspiration,Vaginal or oral misoprostol,Montesinos,2011,International Journal of Gynecology & Obstetrics,mostly surgical,surgery,97,97,100,106,166,,,,
CD007223.PUB4,Medical treatments for incomplete miscarriage,"Complete miscarriage
",Suction aspiration,Vaginal or oral misoprostol,Shwekerela,2007,BJOG: an international journal of obstetrics and gynaecology,mostly surgical,inconclusive,150,150,149,150,243,,,,
CD007223.PUB4,Medical treatments for incomplete miscarriage,"Complete miscarriage
",Suction aspiration,Vaginal or oral misoprostol,Taylor,2011,International Journal of Gynecology & Obstetrics,mostly surgical,inconclusive,109,110,106,108,196,,,,
CD007223.PUB4,Medical treatments for incomplete miscarriage,"Complete miscarriage
",Suction aspiration,Vaginal or oral misoprostol,Weeks,2005,Obstetrics & Gynecology,mostly surgical,inconclusive,75,82,103,107,151,,,,
CD007223.PUB4,Medical treatments for incomplete miscarriage,"Complete miscarriage
",Suction aspiration,Vaginal or oral misoprostol,Sahin,2001,European Journal of Contraception & Reproductive Health Care,mostly non-surgical,inconclusive,40,40,38,40,133,,,,
CD007223.PUB4,Medical treatments for incomplete miscarriage,"Complete miscarriage
",Suction aspiration,Vaginal or oral misoprostol,Dabash,2010,International Journal of Gynecology & Obstetrics,mostly surgical,inconclusive,346,347,342,348,382,,,,
CD007223.PUB4,Medical treatments for incomplete miscarriage,"Complete miscarriage
",Suction aspiration,Vaginal or oral misoprostol,Shochet,2012,BMC Pregnancy and Childbirth,mostly non-surgical,surgery,374,374,439,465,577,,,,
CD007223.PUB4,Medical treatments for incomplete miscarriage,Surgical evacuation,Suction aspiration,Vaginal or oral misoprostol,Moodliar,2005,International Journal of Gynecology and Obstetrics,mostly surgical,drug,47,47,4,47,68,,,,
CD007223.PUB4,Medical treatments for incomplete miscarriage,Surgical evacuation,Suction aspiration,Vaginal or oral misoprostol,Patua,2013,Archives of Gynecology and Obstetrics,mostly surgical,drug,50,50,4,46,109,,,,
CD007223.PUB4,Medical treatments for incomplete miscarriage,Surgical evacuation,Suction aspiration,Vaginal or oral misoprostol,Trinder,2006,BJOG: an international journal of obstetrics and gynaecology,mostly surgical,drug,78,92,26,90,176,,,,
CD007223.PUB4,Medical treatments for incomplete miscarriage,Surgical evacuation,Suction aspiration,Vaginal or oral misoprostol,Zhang,2005,American Journal of Obstetrics & Gynecology,mostly surgical,drug,9,9,4,30,123,,,,
CD007223.PUB4,Medical treatments for incomplete miscarriage,Surgical evacuation,Suction aspiration,Vaginal or oral misoprostol,Bique,2007,International Journal of Gynecology & Obstetrics,mostly surgical,drug,101,101,10,111,204,,,,
CD007223.PUB4,Medical treatments for incomplete miscarriage,Surgical evacuation,Suction aspiration,Vaginal or oral misoprostol,Chigbu,2012,East African Medical Journal,general,drug,160,160,2,160,246,,,,
CD007223.PUB4,Medical treatments for incomplete miscarriage,Surgical evacuation,Suction aspiration,Vaginal or oral misoprostol,Dao,2007,BJOG: an international journal of obstetrics and gynaecology,mostly surgical,drug,222,224,12,218,311,,,,
CD007223.PUB4,Medical treatments for incomplete miscarriage,Surgical evacuation,Suction aspiration,Vaginal or oral misoprostol,Montesinos,2011,International Journal of Gynecology & Obstetrics,mostly surgical,drug,97,97,6,106,199,,,,
CD007223.PUB4,Medical treatments for incomplete miscarriage,Surgical evacuation,Suction aspiration,Vaginal or oral misoprostol,Shwekerela,2007,BJOG: an international journal of obstetrics and gynaecology,mostly surgical,drug,150,150,1,150,219,,,,
CD007223.PUB4,Medical treatments for incomplete miscarriage,Surgical evacuation,Suction aspiration,Vaginal or oral misoprostol,Taylor,2011,International Journal of Gynecology & Obstetrics,mostly surgical,drug,110,110,1,108,311,,,,
CD007223.PUB4,Medical treatments for incomplete miscarriage,Surgical evacuation,Suction aspiration,Vaginal or oral misoprostol,Weeks,2005,Obstetrics & Gynecology,mostly surgical,drug,76,82,4,107,142,,,,
CD007223.PUB4,Medical treatments for incomplete miscarriage,Surgical evacuation,Suction aspiration,Vaginal or oral misoprostol,Sahin,2001,European Journal of Contraception & Reproductive Health Care,mostly non-surgical,drug,40,40,1,40,243,,,,
CD007223.PUB4,Medical treatments for incomplete miscarriage,Surgical evacuation,Suction aspiration,Vaginal or oral misoprostol,Dabash,2001,International Journal of Gynecology & Obstetrics,mostly surgical,drug,347,347,6,348,383,,,,
CD007223.PUB4,Medical treatments for incomplete miscarriage,Death or serious complication,Suction aspiration,Vaginal or oral misoprostol,Moodliar,2005,International Journal of Gynecology and Obstetrics,mostly surgical,inconclusive,0,47,0,47,116,,,,
CD007223.PUB4,Medical treatments for incomplete miscarriage,Death or serious complication,Suction aspiration,Vaginal or oral misoprostol,Zhang,2005,American Journal of Obstetrics & Gynecology,mostly surgical,inconclusive,0,9,1,29,122,,,,
CD007223.PUB4,Medical treatments for incomplete miscarriage,Death or serious complication,Suction aspiration,Vaginal or oral misoprostol,Montesinos,2011,International Journal of Gynecology & Obstetrics,mostly surgical,inconclusive,0,97,0,106,309,,,,
CD007223.PUB4,Medical treatments for incomplete miscarriage,Death or serious complication,Suction aspiration,Vaginal or oral misoprostol,Taylor,2011,International Journal of Gynecology & Obstetrics,mostly surgical,inconclusive,0,110,0,108,311,,,,
CD007223.PUB4,Medical treatments for incomplete miscarriage,Death or serious complication,Suction aspiration,Vaginal or oral misoprostol,Dabash,2010,International Journal of Gynecology & Obstetrics,mostly surgical,inconclusive,0,347,0,348,551,,,,
CD003435.PUB2,Surgical decompression for cerebral oedema in acute ischaemic stroke,Death at the end of follow-up,Surgical decompression,"Osmotic agents, blood pressure control, and glucose control",DECIMAL,2007,Stroke,mostly non-surgical,surgery,5,20,14,18,234,,,,
CD003435.PUB2,Surgical decompression for cerebral oedema in acute ischaemic stroke,Death at the end of follow-up,Surgical decompression,"Osmotic agents, blood pressure control, and glucose control",DESTINY,2007,Stroke,mostly non-surgical,surgery,3,17,8,15,92,,,,
CD003435.PUB2,Surgical decompression for cerebral oedema in acute ischaemic stroke,Death at the end of follow-up,Surgical decompression,"Osmotic agents, blood pressure control, and glucose control",HAMLET,2009,Lancet,general,surgery,7,32,19,32,79,,,,
CD011498.PUB2,Non-surgical versus surgical treatment for oesophageal cancer,Short_term mortality (All_cause mortality either in_hospital or within 3 months),Oesophagectomy,Chemoradiotherapy and/or radiotherapy,Badwe,1999,Cancer,mostly non-surgical,inconclusive,3,44,3,43,259,,,,
CD011498.PUB2,Non-surgical versus surgical treatment for oesophageal cancer,Short_term mortality (All_cause mortality either in_hospital or within 3 months),Oesophagectomy,Chemoradiotherapy and/or radiotherapy,Berdenne,2007,Journal of Clinical Oncology,mostly non-surgical,drug,12,129,1,130,207,,,,
CD011498.PUB2,Non-surgical versus surgical treatment for oesophageal cancer,Short_term mortality (All_cause mortality either in_hospital or within 3 months),Oesophagectomy,Chemoradiotherapy and/or radiotherapy,Carstens,2007,Journal of Clinical Oncology,mostly non-surgical,inconclusive,0,45,2,46,93,,,,
CD011498.PUB2,Non-surgical versus surgical treatment for oesophageal cancer,Short_term mortality (All_cause mortality either in_hospital or within 3 months),Oesophagectomy,Chemoradiotherapy and/or radiotherapy,Chiu,2005,Gastroenterology,mostly non-surgical,inconclusive,3,44,0,36,82,,,,
CD011498.PUB2,Non-surgical versus surgical treatment for oesophageal cancer,Short_term mortality (All_cause mortality either in_hospital or within 3 months),Oesophagectomy,Chemoradiotherapy and/or radiotherapy,Stahl,2005,Journal of Clinical Oncology,mostly non-surgical,inconclusive,9,86,2,86,96,,,,
CD011498.PUB2,Non-surgical versus surgical treatment for oesophageal cancer,Long_term mortality (binary outcome),Oesophagectomy,Chemoradiotherapy and/or radiotherapy,Berdenne,2007,Journal of Clinical Oncology,mostly non-surgical,inconclusive,90,129,91,130,176,,,,
CD011498.PUB2,Non-surgical versus surgical treatment for oesophageal cancer,Long_term mortality (binary outcome),Oesophagectomy,Chemoradiotherapy and/or radiotherapy,Chiu,2005,Gastroenterology,mostly non-surgical,inconclusive,20,44,15,36,46,,,,
CD011498.PUB2,Non-surgical versus surgical treatment for oesophageal cancer,Long_term mortality (binary outcome),Oesophagectomy,Chemoradiotherapy and/or radiotherapy,Stahl,2005,Journal of Clinical Oncology,mostly non-surgical,inconclusive,69,86,75,86,116,,,,
CD011498.PUB2,Non-surgical versus surgical treatment for oesophageal cancer,Proportion with a serious adverse event within 3 months (Serious adverse event within 3 months as defined by ICH_GCP International Conference on Harmonisation _ Good Clinical Practice guideline (ICH_GCP 1996) or reasonable variations thereof),Oesophagectomy,Chemoradiotherapy and/or radiotherapy,Chiu,2005,Gastroenterology,mostly non-surgical,inconclusive,12,44,6,36,147,,,,
CD011498.PUB2,Non-surgical versus surgical treatment for oesophageal cancer,Short_term health_related quality of life,Oesophagectomy,Chemoradiotherapy and/or radiotherapy,Berdenne,2007,Journal of Clinical Oncology,mostly non-surgical,drug,,73,,92,252,7.52,2.5,8.45,1.85
CD011498.PUB2,Non-surgical versus surgical treatment for oesophageal cancer,Medium_term health_related quality of life,Oesophagectomy,Chemoradiotherapy and/or radiotherapy,Berdenne,2007,Journal of Clinical Oncology,mostly non-surgical,inconclusive,,25,,37,255,8.76,2.02,7.81,2.57
CD002784.PUB3,Surgery versus thrombolysis for initial management of acute limb ischaemia,Limb salvage at 30 days,Surgery including primary amputation,Thrombolysis (w/ rt-Pa or urokinase),Ouriel,1994,Journal of Vascular Surgery,mostly surgical,drug,40,57,49,57,217,,,,
CD002784.PUB3,Surgery versus thrombolysis for initial management of acute limb ischaemia,Limb salvage at 30 days,Surgery including primary amputation,Thrombolysis (w/ rt-Pa or urokinase),Ouriel,1996,Journal of Vascular Surgery,mostly surgical,inconclusive,57,58,47,52,270,,,,
CD002784.PUB3,Surgery versus thrombolysis for initial management of acute limb ischaemia,Limb salvage at 30 days,Surgery including primary amputation,Thrombolysis (w/ rt-Pa or urokinase),STILE,1994,Annals of Surgery,mostly surgical,inconclusive,128,144,225,248,354,,,,
CD006499.PUB4,Botulinum toxin for the treatment of strabismus,improved ocular alignment  10 PD children,Surgical correction,Botulinum toxin,Tejedor,1996,British Journal of Ophthalmology,mostly surgical,inconclusive,18,24,16,23,241,,,,
CD006499.PUB4,Botulinum toxin for the treatment of strabismus,improved ocular alignment  10 PD children,Surgical correction,Botulinum toxin,Tejedor,1999,British Journal of Ophthalmology,mostly surgical,inconclusive,21,26,18,27,133,,,,
CD006499.PUB4,Botulinum toxin for the treatment of strabismus,improved ocular alignment  10 PD adults,Surgical correction,Botulinum toxin,Carruthers,1990,Archives of Ophthalmology,mostly surgical,surgery,10,13,5,17,167,,,,
CD003243.PUB3,Laparoscopic fundoplication surgery versus medical management for gastro-oesophageal reflux disease (GORD) in adults,Health_related quality of life (<1 y),Laparoscopic fundoplication,Protein pump inhibitors,Anvari,2011,Gastroenterology,mostly non-surgical,inconclusive,,43,,40,83,59.3,21.7,65.8,20.3
CD003243.PUB3,Laparoscopic fundoplication surgery versus medical management for gastro-oesophageal reflux disease (GORD) in adults,Health_related quality of life (<1 y),Laparoscopic fundoplication,Protein pump inhibitors,Grant,2008,BMJ,general,inconclusive,,178,,179,357,0.75,0.25,0.71,0.27
CD003243.PUB3,Laparoscopic fundoplication surgery versus medical management for gastro-oesophageal reflux disease (GORD) in adults,Health_related quality of life (<1 y),Laparoscopic fundoplication,Protein pump inhibitors,Mahon,2005,British Journal of Surgery,mostly surgical,surgery,,79,,86,165,106.2,16.3,100.4,18.9
CD003243.PUB3,Laparoscopic fundoplication surgery versus medical management for gastro-oesophageal reflux disease (GORD) in adults,Health_related quality of life (1-5 y),Laparoscopic fundoplication,Protein pump inhibitors,Anvari,2011,Gastroenterology,mostly non-surgical,inconclusive,,43,,40,83,78.5,18.76,71.41,21.73
CD003243.PUB3,Laparoscopic fundoplication surgery versus medical management for gastro-oesophageal reflux disease (GORD) in adults,Health_related quality of life (1-5 y),Laparoscopic fundoplication,Protein pump inhibitors,Grant,2008,BMJ,general,inconclusive,,122,,118,240,0.736,0.223,0.76,0.228
CD003243.PUB3,Laparoscopic fundoplication surgery versus medical management for gastro-oesophageal reflux disease (GORD) in adults,GORD_specific quality of life (<1 y),Laparoscopic fundoplication,Protein pump inhibitors,Anvari,2011,Gastroenterology,mostly non-surgical,surgery,,43,,40,83,-8.3,8.4,-13.6,9.5
CD003243.PUB3,Laparoscopic fundoplication surgery versus medical management for gastro-oesophageal reflux disease (GORD) in adults,GORD_specific quality of life (<1 y),Laparoscopic fundoplication,Protein pump inhibitors,Grant,2008,BMJ,general,surgery,,178,,179,357,84.6,17.9,73.4,23.3
CD003243.PUB3,Laparoscopic fundoplication surgery versus medical management for gastro-oesophageal reflux disease (GORD) in adults,GORD_specific quality of life (<1 y),Laparoscopic fundoplication,Protein pump inhibitors,Lundell,2009,Clinical Gastroenterology and Hepatology,mostly non-surgical,surgery,,288,,266,554,-1.18,0.44,-1.66,0.88
CD003243.PUB3,Laparoscopic fundoplication surgery versus medical management for gastro-oesophageal reflux disease (GORD) in adults,GORD_specific quality of life (<1 y),Laparoscopic fundoplication,Protein pump inhibitors,Mahon,2005,British Journal of Surgery,mostly surgical,surgery,,80,,86,166,37,5.4,35,7.3
CD003243.PUB3,Laparoscopic fundoplication surgery versus medical management for gastro-oesophageal reflux disease (GORD) in adults,GORD_specific quality of life (1-5 y),Laparoscopic fundoplication,Protein pump inhibitors,Anvari,2011,Gastroenterology,mostly non-surgical,inconclusive,,43,,40,83,-6.21,8.66,-9.05,10.4
CD003243.PUB3,Laparoscopic fundoplication surgery versus medical management for gastro-oesophageal reflux disease (GORD) in adults,GORD_specific quality of life (1-5 y),Laparoscopic fundoplication,Protein pump inhibitors,Grant,2008,BMJ,general,inconclusive,,178,,179,357,65.9,23.7,68.6,24
CD003243.PUB3,Laparoscopic fundoplication surgery versus medical management for gastro-oesophageal reflux disease (GORD) in adults,GORD_specific quality of life (1-5 y),Laparoscopic fundoplication,Protein pump inhibitors,Lundell,2008,Clinical Gastroenterology and Hepatology,mostly non-surgical,surgery,,288,,266,554,-1.18,0.42,-1.63,0.88
CD003243.PUB3,Laparoscopic fundoplication surgery versus medical management for gastro-oesophageal reflux disease (GORD) in adults,Serious adverse events,Laparoscopic fundoplication,Protein pump inhibitors,Anvari,2011,Gastroenterology,mostly non-surgical,inconclusive,0,43,0,40,83,,,,
CD003243.PUB3,Laparoscopic fundoplication surgery versus medical management for gastro-oesophageal reflux disease (GORD) in adults,Serious adverse events,Laparoscopic fundoplication,Protein pump inhibitors,Lundell,2008,Clinical Gastroenterology and Hepatology,mostly non-surgical,drug,60,288,38,266,554,,,,
CD001802.PUB3,Tonsillectomy or adenotonsillectomy versus non-surgical treatment for chronic/recurrent acute tonsillitis,Episodes of sore throat of any severity children,Tonsillectomy or adrenotonsillectomy,Watchful waiting with or without analgesics and antibiotics,Paradise,1984,NEJM,general,inconclusive,,38,,35,73,2.2,1.62,3.1,2.64
CD001802.PUB3,Tonsillectomy or adenotonsillectomy versus non-surgical treatment for chronic/recurrent acute tonsillitis,Episodes of sore throat of any severity children,Tonsillectomy or adrenotonsillectomy,Watchful waiting with or without analgesics and antibiotics,Lock,2010,Health Technology Assessment,general,surgery,,119,,112,231,6,5.16,7.7,5.88
CD001802.PUB3,Tonsillectomy or adenotonsillectomy versus non-surgical treatment for chronic/recurrent acute tonsillitis,Episodes of sore throat of any severity children,Tonsillectomy or adrenotonsillectomy,Watchful waiting with or without analgesics and antibiotics,Paradise,2002,Pediatrics,mostly non-surgical,inconclusive,,93,,54,147,2.91,1.39,2.78,1.66
CD001802.PUB3,Tonsillectomy or adenotonsillectomy versus non-surgical treatment for chronic/recurrent acute tonsillitis,Episodes of sore throat of any severity children,Tonsillectomy or adrenotonsillectomy,Watchful waiting with or without analgesics and antibiotics,Paradise,2002,Pediatrics,mostly non-surgical,surgery,,59,,67,126,2.9,1.37,3.6,1.87
CD001802.PUB3,Tonsillectomy or adenotonsillectomy versus non-surgical treatment for chronic/recurrent acute tonsillitis,Episodes of sore throat of any severity children,Tonsillectomy or adrenotonsillectomy,Watchful waiting with or without analgesics and antibiotics,van Staiij,2004,BMJ,general,inconclusive,,111,,107,218,2.74,1.76,3.27,2.42
CD001802.PUB3,Tonsillectomy or adenotonsillectomy versus non-surgical treatment for chronic/recurrent acute tonsillitis,Episodes of moderate sore throat children,Tonsillectomy or adrenotonsillectomy,Watchful waiting with or without analgesics and antibiotics,Paradise,1984,NEJM,general,inconclusive,,38,,35,73,1.08,0.27,1.17,1.42
CD001802.PUB3,Tonsillectomy or adenotonsillectomy versus non-surgical treatment for chronic/recurrent acute tonsillitis,Episodes of moderate sore throat children,Tonsillectomy or adrenotonsillectomy,Watchful waiting with or without analgesics and antibiotics,Paradise,2002,Pediatrics,mostly non-surgical,drug,,93,,54,147,1.13,0.41,0.24,0.51
CD001802.PUB3,Tonsillectomy or adenotonsillectomy versus non-surgical treatment for chronic/recurrent acute tonsillitis,Episodes of moderate sore throat children,Tonsillectomy or adrenotonsillectomy,Watchful waiting with or without analgesics and antibiotics,Paradise,2002,Pediatrics,mostly non-surgical,drug,,59,,67,126,1.15,0.42,0.43,0.67
CD001802.PUB3,Tonsillectomy or adenotonsillectomy versus non-surgical treatment for chronic/recurrent acute tonsillitis,Episodes of moderate sore throat children,Tonsillectomy or adrenotonsillectomy,Watchful waiting with or without analgesics and antibiotics,van Staiij,2004,BMJ,general,drug,,111,,107,218,1.69,0.91,0.86,2.34
CD001802.PUB3,Tonsillectomy or adenotonsillectomy versus non-surgical treatment for chronic/recurrent acute tonsillitis,Sore throat days (including those immediately post surgery) children,Tonsillectomy or adrenotonsillectomy,Watchful waiting with or without analgesics and antibiotics,Paradise,1984,NEJM,general,inconclusive,,38,,35,73,16.3,14.3,18.9,14.6
CD001802.PUB3,Tonsillectomy or adenotonsillectomy versus non-surgical treatment for chronic/recurrent acute tonsillitis,Sore throat days (including those immediately post surgery) children,Tonsillectomy or adrenotonsillectomy,Watchful waiting with or without analgesics and antibiotics,Lock,2010,Health Technology Assessment,general,surgery,,119,,112,231,31,29.25,49.1,54.62
CD001802.PUB3,Tonsillectomy or adenotonsillectomy versus non-surgical treatment for chronic/recurrent acute tonsillitis,Sore throat days (including those immediately post surgery) children,Tonsillectomy or adrenotonsillectomy,Watchful waiting with or without analgesics and antibiotics,Paradise,2002,Pediatrics,mostly non-surgical,inconclusive,,93,,54,147,19.5,14.5,25,21
CD001802.PUB3,Tonsillectomy or adenotonsillectomy versus non-surgical treatment for chronic/recurrent acute tonsillitis,Sore throat days (including those immediately post surgery) children,Tonsillectomy or adrenotonsillectomy,Watchful waiting with or without analgesics and antibiotics,Paradise,2002,Pediatrics,mostly non-surgical,inconclusive,,59,,67,126,23,20,24,17
CD001802.PUB3,Tonsillectomy or adenotonsillectomy versus non-surgical treatment for chronic/recurrent acute tonsillitis,Sore throat days (including those immediately post surgery) children,Tonsillectomy or adrenotonsillectomy,Watchful waiting with or without analgesics and antibiotics,van Staiij,2004,BMJ,general,surgery,,111,,107,218,12.58,9.5,18.92,24.59
CD001802.PUB3,Tonsillectomy or adenotonsillectomy versus non-surgical treatment for chronic/recurrent acute tonsillitis,Episodes of sore throat of any severity adults,Tonsillectomy or adrenotonsillectomy,Watchful waiting with or without analgesics and antibiotics,Alho,2007,BMJ,general,surgery,,36,,34,70,0.6,0.9,2.1,2.3
CD001802.PUB3,Tonsillectomy or adenotonsillectomy versus non-surgical treatment for chronic/recurrent acute tonsillitis,Episodes of sore throat of any severity adults,Tonsillectomy or adrenotonsillectomy,Watchful waiting with or without analgesics and antibiotics,Koskenkorva,2013,CMAJ,general,surgery,,46,,40,86,1.5,2.4,7.4,5.8
CD001802.PUB3,Tonsillectomy or adenotonsillectomy versus non-surgical treatment for chronic/recurrent acute tonsillitis,Sore throat days(including those immediately post_surgery adults,Tonsillectomy or adrenotonsillectomy,Watchful waiting with or without analgesics and antibiotics,Alho,2007,BMJ,general,surgery,,36,,34,70,3.2,5.3,12.1,14.1
CD001802.PUB3,Tonsillectomy or adenotonsillectomy versus non-surgical treatment for chronic/recurrent acute tonsillitis,Sore throat days(including those immediately post_surgery adults,Tonsillectomy or adrenotonsillectomy,Watchful waiting with or without analgesics and antibiotics,Koskenkorva,2013,CMAJ,general,surgery,,46,,40,86,5.1,8.7,40.2,60.5
CD001552.PUB2,Surgical versus non-surgical treatment for carpal tunnel syndrome,Improvement in clinical symptoms at three months of follow‐up,Open section of the carpal ligament,NSAID and splinting or corticosteroid injections,Hui,2005,Neurology,mostly non-surgical,surgery,62,87,46,89,176,,,,
CD001552.PUB2,Surgical versus non-surgical treatment for carpal tunnel syndrome,Improvement in clinical symptoms at three months of follow‐up,Open section of the carpal ligament,NSAID and splinting or corticosteroid injections,Ly Pen,2005,Arthritis & Rheumatism,mostly non-surgical,drug,21,36,29,33,69,,,,
CD003412.PUB3,Interventions for basal cell carcinoma of the skin,Recurrence at 3 y,Surgical excision,Imiquimod,Bath-Hextall,2014,Lancet Oncology,mostly non-surgical,surgery,3,254,35,247,501,,,,
CD003412.PUB3,Interventions for basal cell carcinoma of the skin,Recurrence at 5 y,Surgical excision,Imiquimod,Bath-Hextall,2014,Lancet Oncology,mostly non-surgical,surgery,4,254,36,247,501,,,,
CD003412.PUB3,Interventions for basal cell carcinoma of the skin,Observer‐rated good/excellent cosmetic outcome,Surgical excision,Imiquimod,Bath-Hextall,2014,Lancet Oncology,mostly non-surgical,drug,62,254,103,247,501,,,,
CD003412.PUB3,Interventions for basal cell carcinoma of the skin,Patient‐rated good/excellent cosmetic outcome,Surgical excision,Imiquimod,Bath-Hextall,2014,Lancet Oncology,mostly non-surgical,drug,153,254,147,247,501,,,,
CD003412.PUB3,Interventions for basal cell carcinoma of the skin,Recurrence at 3 y,Surgical excision,MAL-PDT,Abbade,2015,Journal of the American Academy of Dermatology,mostly non-surgical,surgery,0,35,12,33,68,,,,
CD003412.PUB3,Interventions for basal cell carcinoma of the skin,Observer‐rated good/excellent cosmetic outcome,Surgical excision,MAL-PDT,Rhodes,2004,Archives of Dermatology,mostly non-surgical,drug,36,49,41,52,68,,,,
CD003412.PUB3,Interventions for basal cell carcinoma of the skin,Patient‐rated good/excellent cosmetic outcome,Surgical excision,MAL-PDT,Szeimies,2008,Journal of the European Academy of Dermatology and Venereology,mostly non-surgical,drug,96,117,100,104,196,,,,
CD003412.PUB3,Interventions for basal cell carcinoma of the skin,Observer‐rated good/excellent cosmetic outcome,Surgical excision,MAL-PDT,Rhodes,2004,Archives of Dermatology,mostly non-surgical,drug,17,49,33,52,101,,,,
CD003412.PUB3,Interventions for basal cell carcinoma of the skin,Patient‐rated good/excellent cosmetic outcome,Surgical excision,MAL-PDT,Szeimies,2008,Journal of the European Academy of Dermatology and Venereology,mostly non-surgical,drug,44,100,77,94,194,,,,
CD003412.PUB3,Interventions for basal cell carcinoma of the skin,Recurrence at 3 y,Surgical excision,ALA-PDT,Mosterd,2008,Journal of the European Academy of Dermatology and Venereology : JEADV,mostly non-surgical,surgery,2,88,21,83,169,,,,
CD003412.PUB3,Interventions for basal cell carcinoma of the skin,Recurrence at 5 y,Surgical excision,ALA-PDT,Mosterd,2008,Journal of the European Academy of Dermatology and Venereology : JEADV,mostly non-surgical,surgery,2,88,23,83,169,,,,
CD003983.PUB3,Decompressive craniectomy for the treatment of high intracranial pressure in closed traumatic brain injury,Neurological unfavourable outcome 6 mo,Decompressive craniectomy,Medical treatment (including barbiturates),Taylor,2001,Child's Nervous System,mostly non-surgical,inconclusive,6,13,12,24,37,,,,
CD003983.PUB3,Decompressive craniectomy for the treatment of high intracranial pressure in closed traumatic brain injury,Neurological unfavourable outcome 6 mo,Decompressive craniectomy,Medical treatment (including barbiturates),DECRA,2011,NEJM,general,drug,51,73,42,82,155,,,,
CD003983.PUB3,Decompressive craniectomy for the treatment of high intracranial pressure in closed traumatic brain injury,Neurological unfavourable outcome 6 mo,Decompressive craniectomy,Medical treatment (including barbiturates),RESCUEicp,2016,NEJM,general,inconclusive,146,206,138,202,408,,,,
CD003983.PUB3,Decompressive craniectomy for the treatment of high intracranial pressure in closed traumatic brain injury,Mortality 6 mo,Decompressive craniectomy,Medical treatment (including barbiturates),Taylor,2001,Child's Nervous System,mostly non-surgical,inconclusive,2,13,6,24,39,,,,
CD003983.PUB3,Decompressive craniectomy for the treatment of high intracranial pressure in closed traumatic brain injury,Mortality 6 mo,Decompressive craniectomy,Medical treatment (including barbiturates),DECRA,2011,NEJM,general,inconclusive,14,73,15,82,155,,,,
CD003983.PUB3,Decompressive craniectomy for the treatment of high intracranial pressure in closed traumatic brain injury,Mortality 6 mo,Decompressive craniectomy,Medical treatment (including barbiturates),RESCUEicp,2016,NEJM,general,surgery,54,206,92,202,408,,,,
CD010287.PUB3,Aromatase inhibitors (letrozole) for subfertile women with polycystic ovary syndrome,Live birth,Laparoscopic ovarian drilling,Letrozele,Abdellah,2011,International Journal of Gynecology & Obstetrics,mostly surgical,inconclusive,16,73,23,74,147,,,,
CD010287.PUB3,Aromatase inhibitors (letrozole) for subfertile women with polycystic ovary syndrome,Live birth,Laparoscopic ovarian drilling,Letrozele,Abu Hashim,2010,Archives of Gynecology and Obstetrics,mostly surgical,inconclusive,33,132,32,128,260,,,,
CD010287.PUB3,Aromatase inhibitors (letrozole) for subfertile women with polycystic ovary syndrome,Live birth,Laparoscopic ovarian drilling,Letrozele,Liu,2015,Experimental and Therapeutic Medicine,general,inconclusive,16,70,27,71,141,,,,
CD010287.PUB3,Aromatase inhibitors (letrozole) for subfertile women with polycystic ovary syndrome,Rate of ovarian hyperstimulation syndrome,Laparoscopic ovarian drilling,Letrozele,Abu Hashim,2010,Archives of Gynecology and Obstetrics,mostly surgical,inconclusive,0,132,0,128,260,,,,
CD010651.PUB2,Surgical versus non-surgical management for pleural empyema,Mortality,Open thoracotomy,Thoracostomy drainage (with fibrinolytics),Karaman,2004,European Journal of Pediatric Surgery,mostly surgical,inconclusive,0,15,0,15,30,,,,
CD010651.PUB2,Surgical versus non-surgical management for pleural empyema,Mortality,VATS,Thoracostomy drainage (with fibrinolytics),Cobanoglu,2014,Pediatric Reports,mostly non-surgical,inconclusive,0,27,0,27,54,,,,
CD010651.PUB2,Surgical versus non-surgical management for pleural empyema,Mortality,VATS,Thoracostomy drainage (with fibrinolytics),Kurt,2006,Pediatrics,mostly non-surgical,inconclusive,0,10,0,8,18,,,,
CD010651.PUB2,Surgical versus non-surgical management for pleural empyema,Mortality,VATS,Thoracostomy drainage (with fibrinolytics),Marhuenda,2014,Pediatrics,mostly non-surgical,inconclusive,0,53,0,50,103,,,,
CD010651.PUB2,Surgical versus non-surgical management for pleural empyema,Mortality,VATS,Thoracostomy drainage (with fibrinolytics),Peter,2009,Journal of Pediatric Surgery,mostly surgical,inconclusive,0,18,0,18,36,,,,
CD010651.PUB2,Surgical versus non-surgical management for pleural empyema,Mortality,VATS,Thoracostomy drainage (with fibrinolytics),Sonnappa,2006,American Journal of Respiratory & Critical Care Medicine,mostly non-surgical,inconclusive,0,30,0,30,60,,,,
CD010651.PUB2,Surgical versus non-surgical management for pleural empyema,Mortality,VATS,Thoracostomy drainage (with fibrinolytics),Bilgin,2006,ANZ J Surg,mostly surgical,inconclusive,0,35,0,35,70,,,,
CD010651.PUB2,Surgical versus non-surgical management for pleural empyema,Mortality,VATS,Thoracostomy drainage (with fibrinolytics),Wait,1997,Chest,mostly non-surgical,inconclusive,1,11,1,9,20,,,,
CD011160.PUB2,Anti-vascular endothelial growth factor for choroidal neovascularisation in people with pathological myopia,Change in best corrected visual acuity,Laser surgery,intravitreal anti-VEGF,Parodi,2010,Archives of Ophthalmology,mostly surgical,surgery,,17,,19,36,-0.2,0.32,0.02,0.32
CD011160.PUB2,Anti-vascular endothelial growth factor for choroidal neovascularisation in people with pathological myopia,Proportion of participants with a gain of 3+ lines in BCVA at 1 y,Laser surgery,intravitreal anti-VEGF,Parodi,2010,Archives of Ophthalmology,mostly surgical,inconclusive,2,17,7,19,36,,,,
CD012743.PUB2,Ab interno trabecular bypass surgery with iStent for open-angle glaucoma,Proportion of participants who were drop‐free 6-18 mo,iStent,Latanoprost/timolol,Fea,2014,American Academy of Ophthalmology,mostly surgical,surgery,90,94,0,91,185,,,,
CD012743.PUB2,Ab interno trabecular bypass surgery with iStent for open-angle glaucoma,Proportion of participants who were drop‐free 6-18 mo,iStent,Latanoprost/timolol,Vold,2016,Ophthalmology and Therapy,mostly surgical,surgery,51,54,0,47,101,,,,
CD007630.PUB2,Surgical orbital decompression for thyroid eye disease,Proportion of successes compared to the proportion of treatment failures as defined by the study authors based on the use of composite outcome scores,Surgical orbital decompression,IV Methylprednisolone 1x3 followed by oral prednisolone,Wakelkamp,2005,Clinical Endocrinology,mostly non-surgical,inconclusive,1,6,5,9,15,,,,
CD009860.PUB2,Surgery for trigger finger,Resolution of triggering,Open surgery,Corticosteroid injection,Hansen,2017,The Journal of Hand Surgery (American),mostly surgical,surgery,75,84,38,81,165,,,,
CD009860.PUB2,Surgery for trigger finger,Resolution of triggering,Open surgery,Corticosteroid injection,Sato,2012,"Rheumatology (Oxford, England)",mostly non-surgical,surgery,56,56,42,49,105,,,,
CD013502,Surgery for rotator cuff tears,Pain (VAS) 12 mo,Surgical rotator cuff repair,Non-operative treatment including corticosteroid injection and exercise,Lambers Heerspink,2015,Journal of Shoulder and Elbow Surgery,mostly surgical,inconclusive,,25,,31,56,2.2,1.9,3.2,2.1
CD003919.PUB2,Laser trabeculoplasty for open angle glaucoma,Failure to control IOP,Argon laser trabeculoplasty,IOP reducing medication,Bergea,1992,Acta Ophthalmologica Scandinavica,mostly surgical,inconclusive,14,40,20,42,82,,,,
CD003919.PUB2,Laser trabeculoplasty for open angle glaucoma,Failure to control IOP,Argon laser trabeculoplasty,IOP reducing medication,GLT,1995,American Journal of Ophthalmology,mostly surgical,surgery,152,271,190,271,542,,,,
CD003919.PUB2,Laser trabeculoplasty for open angle glaucoma,Failure to control IOP,Argon laser trabeculoplasty,IOP reducing medication,Moorfields,1984,Transactions of the Ophthalmological Societies of the United Kingdom ,mostly surgical,inconclusive,8,55,6,56,111,,,,
CD003919.PUB2,Laser trabeculoplasty for open angle glaucoma,Visual field progression,Argon laser trabeculoplasty,IOP reducing medication,Bergea,1992,Acta Ophthalmologica Scandinavica,mostly surgical,inconclusive,1,40,1,42,82,,,,
CD003919.PUB2,Laser trabeculoplasty for open angle glaucoma,Visual field progression,Argon laser trabeculoplasty,IOP reducing medication,GLT,1995,American Journal of Ophthalmology,mostly surgical,inconclusive,22,271,32,271,542,,,,
CD003919.PUB2,Laser trabeculoplasty for open angle glaucoma,Optic neuropathy progression,Argon laser trabeculoplasty,IOP reducing medication,Bergea,1992,Acta Ophthalmologica Scandinavica,mostly surgical,inconclusive,9,40,18,42,82,,,,
CD003919.PUB2,Laser trabeculoplasty for open angle glaucoma,Optic neuropathy progression,Argon laser trabeculoplasty,IOP reducing medication,GLT,1995,American Journal of Ophthalmology,mostly surgical,inconclusive,13,271,13,271,542,,,,
CD001923.PUB2,Carotid endarterectomy for asymptomatic carotid stenosis,"Perioperative stroke or death, or stroke of any territory or type during follow up",Carotid endarterectomy and Aspirin 325 mg daily,Aspirin 325 mg daily,VA,1993,NEJM,general,drug,12,211,2,233,444,,,,
CD001923.PUB2,Carotid endarterectomy for asymptomatic carotid stenosis,"Perioperative stroke or death, or stroke of any territory or type during follow up",Carotid endarterectomy and Aspirin 325 mg daily,Aspirin 325 mg daily,ACAS,1995,JAMA,general,drug,19,825,3,834,1659,,,,
CD010264.PUB2,Surgical versus non‐surgical treatment for lumbar spinal stenosis,Oswestry Disability index 6 w,Decompressive surgery with or without fusion,Epidural steroid injection,Brown,2012,Pain Practice,mostly non-surgical,inconclusive,,21,,17,38,11.4,4.2,5.7,10.1
CD010264.PUB2,Surgical versus non‐surgical treatment for lumbar spinal stenosis,Pain intensity (VAS) 6 w,Decompressive surgery with or without fusion,Epidural steroid injection,Brown,2012,Pain Practice,mostly non-surgical,drug,,21,,17,38,2.5,0.7,0.1,0.8
CD010264.PUB2,Surgical versus non‐surgical treatment for lumbar spinal stenosis,Zurich claudication questionnaire (symptom evaluation) 6 w,Decompressive surgery with or without fusion,Epidural steroid injection,Brown,2012,Pain Practice,mostly non-surgical,surgery,,21,,17,38,2.2,0.26,2.8,0.26
CD000200.PUB2,Surgery for primary supratentorial intracerebral haemorrhage,Death or dependence at end of follow up,Surgical decompression,"Dexamethasone, antihypertensives and intermittent diuresis",Auer,1989,Journal of Neurosurgery,mostly surgical,inconclusive,28,50,38,50,100,,,,
CD000200.PUB2,Surgery for primary supratentorial intracerebral haemorrhage,Death or dependence at end of follow up,Surgical decompression,"Dexamethasone, antihypertensives and intermittent diuresis",Batjer,1990,Archives of Neurology,mostly non-surgical,inconclusive,6,8,11,13,21,,,,
CD000200.PUB2,Surgery for primary supratentorial intracerebral haemorrhage,Death or dependence at end of follow up,Surgical decompression,"Dexamethasone, antihypertensives and intermittent diuresis",Cheng,2001,Chinese Journal of Clinical Neurosciences,mostly non-surgical,surgery,86,263,98,231,494,,,,
CD000200.PUB2,Surgery for primary supratentorial intracerebral haemorrhage,Death or dependence at end of follow up,Surgical decompression,"Dexamethasone, antihypertensives and intermittent diuresis",Hattori,2004,Journal of Neurosurgery,mostly surgical,surgery,60,121,82,121,242,,,,
CD000200.PUB2,Surgery for primary supratentorial intracerebral haemorrhage,Death or dependence at end of follow up,Surgical decompression,"Dexamethasone, antihypertensives and intermittent diuresis",Juvela,1989,Journal of Neurosurgery,mostly surgical,inconclusive,25,26,22,27,53,,,,
CD000200.PUB2,Surgery for primary supratentorial intracerebral haemorrhage,Death or dependence at end of follow up,Surgical decompression,"Dexamethasone, antihypertensives and intermittent diuresis",Mendelow,2005,Lancet,general,inconclusive,378,468,408,496,964,,,,
CD000200.PUB2,Surgery for primary supratentorial intracerebral haemorrhage,Death or dependence at end of follow up,Surgical decompression,"Dexamethasone, antihypertensives and intermittent diuresis",Morgenstern,1998,Neurology,mostly non-surgical,inconclusive,8,15,11,16,31,,,,
CD000200.PUB2,Surgery for primary supratentorial intracerebral haemorrhage,Death or dependence at end of follow up,Surgical decompression,"Dexamethasone, antihypertensives and intermittent diuresis",Teernstra,2003,Stroke,mostly non-surgical,inconclusive,33,36,29,33,69,,,,
CD000200.PUB2,Surgery for primary supratentorial intracerebral haemorrhage,Death or dependence at end of follow up,Surgical decompression,"Dexamethasone, antihypertensives and intermittent diuresis",Zuccarello,1999,Stroke,mostly non-surgical,inconclusive,4,9,7,11,20,,,,
CD001532.PUB5,Interventions for primary vesicoureteric reflux,Rate of patients with symptomatic UTI,Surgical reimplantation of ureters,Antibiotics,IRS EUR,2003,Acta Paediatrica,mostly non-surgical,inconclusive,43,147,46,150,297,,,,