X.source..id,title,Outcome,,surgical_arm,medical_arm,study,year of study,unique(ab),fx_type,event surg,all surg,event control,all control,study total,mean surg,SD surg,mean control,SD control,dir_neg
CD000200.PUB2,Surgery for primary supratentorial intracerebral haemorrhage,Death or dependence at end of follow up,,Surgical decompression,"Dexamethasone, antihypertensives and intermittent diuresis",Auer,1989,,OR,28,50,38,50,100,,,,,n
CD000200.PUB2,Surgery for primary supratentorial intracerebral haemorrhage,Death or dependence at end of follow up,,Surgical decompression,"Dexamethasone, antihypertensives and intermittent diuresis",Batjer,1990,,OR,6,8,11,13,21,,,,,n
CD000200.PUB2,Surgery for primary supratentorial intracerebral haemorrhage,Death or dependence at end of follow up,,Surgical decompression,"Dexamethasone, antihypertensives and intermittent diuresis",Cheng,2001,,OR,86,263,98,231,494,,,,,n
CD000200.PUB2,Surgery for primary supratentorial intracerebral haemorrhage,Death or dependence at end of follow up,,Surgical decompression,"Dexamethasone, antihypertensives and intermittent diuresis",Hattori,2004,,OR,60,121,82,121,242,,,,,n
CD000200.PUB2,Surgery for primary supratentorial intracerebral haemorrhage,Death or dependence at end of follow up,,Surgical decompression,"Dexamethasone, antihypertensives and intermittent diuresis",Juvela,1989,,OR,25,26,22,27,53,,,,,n
CD000200.PUB2,Surgery for primary supratentorial intracerebral haemorrhage,Death or dependence at end of follow up,,Surgical decompression,"Dexamethasone, antihypertensives and intermittent diuresis",Mendelow,2005,,OR,378,468,408,496,964,,,,,n
CD000200.PUB2,Surgery for primary supratentorial intracerebral haemorrhage,Death or dependence at end of follow up,,Surgical decompression,"Dexamethasone, antihypertensives and intermittent diuresis",Morgenstern,1998,,OR,8,15,11,16,31,,,,,n
CD000200.PUB2,Surgery for primary supratentorial intracerebral haemorrhage,Death or dependence at end of follow up,,Surgical decompression,"Dexamethasone, antihypertensives and intermittent diuresis",Teernstra,2003,,OR,33,36,29,33,69,,,,,n
CD000200.PUB2,Surgery for primary supratentorial intracerebral haemorrhage,Death or dependence at end of follow up,,Surgical decompression,"Dexamethasone, antihypertensives and intermittent diuresis",Zuccarello,1999,,OR,4,9,7,11,20,,,,,n
CD001081.PUB4,Carotid endarterectomy for symptomatic carotid stenosis,Any stroke or operative death,,Aspirin and carotid surgery,Aspirin,NASCET,1991,,RR,302,1445,370,1449,2894,,,,,n
CD001081.PUB4,Carotid endarterectomy for symptomatic carotid stenosis,"Ipsilateral ischaemic stroke, and any operative stroke or death",,Aspirin and carotid surgery,Aspirin,NASCET,1991,,RR,183,1445,268,1449,2894,,,,,n
CD001081.PUB4,Carotid endarterectomy for symptomatic carotid stenosis,Any stroke or operative death,,Aspirin and carotid surgery,Aspirin,ECST,1998,,RR,276,1800,207,1208,3008,,,,,n
CD001081.PUB4,Carotid endarterectomy for symptomatic carotid stenosis,"Ipsilateral ischaemic stroke, and any operative stroke or death",,Aspirin and carotid surgery,Aspirin,ECST,1998,,RR,204,1800,140,1208,3008,,,,,n
CD001081.PUB4,Carotid endarterectomy for symptomatic carotid stenosis,Any stroke or operative death,,Aspirin and carotid surgery,Aspirin,VACSP,1991,,RR,8,91,7,97,188,,,,,n
CD001081.PUB4,Carotid endarterectomy for symptomatic carotid stenosis,"Ipsilateral ischaemic stroke, and any operative stroke or death",,Aspirin and carotid surgery,Aspirin,VACSP,1991,,RR,8,91,4,97,188,,,,,n
CD001122.PUB5,Laparoscopic ovarian drilling for ovulation induction in women with anovulatory polycystic ovary syndrome,Live birth,,Laparoscopic ovarian drilling,Medical ovulation induction,Palomba,2004,,OR,20,60,32,60,120,,,,,
CD001122.PUB5,Laparoscopic ovarian drilling for ovulation induction in women with anovulatory polycystic ovary syndrome,Live birth,,Laparoscopic ovarian drilling,Medical ovulation induction,Palomba,2010,,OR,13,25,12,25,50,,,,,
CD001122.PUB5,Laparoscopic ovarian drilling for ovulation induction in women with anovulatory polycystic ovary syndrome,Live birth,,Laparoscopic ovarian drilling,Medical ovulation induction,Zakherah,2010,,OR,33,75,37,75,150,,,,,
CD001122.PUB5,Laparoscopic ovarian drilling for ovulation induction in women with anovulatory polycystic ovary syndrome,Live birth,,Laparoscopic ovarian drilling,Medical ovulation induction,Bayram,2004,,OR,52,83,51,85,168,,,,,
CD001122.PUB5,Laparoscopic ovarian drilling for ovulation induction in women with anovulatory polycystic ovary syndrome,Live birth,,Laparoscopic ovarian drilling,Medical ovulation induction,Farquhar,2002,,OR,4,29,4,21,50,,,,,
CD001122.PUB5,Laparoscopic ovarian drilling for ovulation induction in women with anovulatory polycystic ovary syndrome,Live birth,,Laparoscopic ovarian drilling,Medical ovulation induction,Ghafarnegard,2010,,OR,8,50,10,50,100,,,,,
CD001122.PUB5,Laparoscopic ovarian drilling for ovulation induction in women with anovulatory polycystic ovary syndrome,Live birth,,Laparoscopic ovarian drilling,Medical ovulation induction,Yadav,2018,,OR,11,45,15,44,89,,,,,
CD001122.PUB5,Laparoscopic ovarian drilling for ovulation induction in women with anovulatory polycystic ovary syndrome,Live birth,,Laparoscopic ovarian drilling,Medical ovulation induction,Abdellah,2011,,OR,16,73,23,74,147,,,,,
CD001122.PUB5,Laparoscopic ovarian drilling for ovulation induction in women with anovulatory polycystic ovary syndrome,Live birth,,Laparoscopic ovarian drilling,Medical ovulation induction,Liu,2015,,OR,16,70,27,71,141,,,,,
CD001122.PUB5,Laparoscopic ovarian drilling for ovulation induction in women with anovulatory polycystic ovary syndrome,Multiple pregnancy,,Laparoscopic ovarian drilling,Medical ovulation induction,Amer,2009,,OR,0,36,0,36,72,,,,,n
CD001122.PUB5,Laparoscopic ovarian drilling for ovulation induction in women with anovulatory polycystic ovary syndrome,Multiple pregnancy,,Laparoscopic ovarian drilling,Medical ovulation induction,Palomba,2004,,OR,0,60,0,60,120,,,,,n
CD001122.PUB5,Laparoscopic ovarian drilling for ovulation induction in women with anovulatory polycystic ovary syndrome,Multiple pregnancy,,Laparoscopic ovarian drilling,Medical ovulation induction,Palomba,2010,,OR,0,25,0,25,50,,,,,n
CD001122.PUB5,Laparoscopic ovarian drilling for ovulation induction in women with anovulatory polycystic ovary syndrome,Multiple pregnancy,,Laparoscopic ovarian drilling,Medical ovulation induction,Roy,2010,,OR,2,21,1,22,43,,,,,n
CD001122.PUB5,Laparoscopic ovarian drilling for ovulation induction in women with anovulatory polycystic ovary syndrome,Multiple pregnancy,,Laparoscopic ovarian drilling,Medical ovulation induction,Bayram,2004,,OR,1,83,9,85,168,,,,,n
CD001122.PUB5,Laparoscopic ovarian drilling for ovulation induction in women with anovulatory polycystic ovary syndrome,Multiple pregnancy,,Laparoscopic ovarian drilling,Medical ovulation induction,Farquhar,2002,,OR,0,29,0,21,50,,,,,n
CD001122.PUB5,Laparoscopic ovarian drilling for ovulation induction in women with anovulatory polycystic ovary syndrome,Multiple pregnancy,,Laparoscopic ovarian drilling,Medical ovulation induction,Kaya,2005,,OR,0,17,2,18,35,,,,,n
CD001122.PUB5,Laparoscopic ovarian drilling for ovulation induction in women with anovulatory polycystic ovary syndrome,Multiple pregnancy,,Laparoscopic ovarian drilling,Medical ovulation induction,Lazoviz,1998,,OR,0,29,2,28,57,,,,,n
CD001122.PUB5,Laparoscopic ovarian drilling for ovulation induction in women with anovulatory polycystic ovary syndrome,Multiple pregnancy,,Laparoscopic ovarian drilling,Medical ovulation induction,Mehrabian,2012,,OR,1,52,5,52,104,,,,,n
CD001122.PUB5,Laparoscopic ovarian drilling for ovulation induction in women with anovulatory polycystic ovary syndrome,Multiple pregnancy,,Laparoscopic ovarian drilling,Medical ovulation induction,Vegetti,1998,,OR,0,16,1,13,29,,,,,n
CD001122.PUB5,Laparoscopic ovarian drilling for ovulation induction in women with anovulatory polycystic ovary syndrome,Multiple pregnancy,,Laparoscopic ovarian drilling,Medical ovulation induction,Yadav,2018,,OR,2,45,6,44,89,,,,,n
CD001122.PUB5,Laparoscopic ovarian drilling for ovulation induction in women with anovulatory polycystic ovary syndrome,Multiple pregnancy,,Laparoscopic ovarian drilling,Medical ovulation induction,Fernandez,2015,,OR,0,19,0,17,36,,,,,n
CD001122.PUB5,Laparoscopic ovarian drilling for ovulation induction in women with anovulatory polycystic ovary syndrome,Multiple pregnancy,,Laparoscopic ovarian drilling,Medical ovulation induction,Abdellah,2011,,OR,0,73,0,74,147,,,,,n
CD001122.PUB5,Laparoscopic ovarian drilling for ovulation induction in women with anovulatory polycystic ovary syndrome,Multiple pregnancy,,Laparoscopic ovarian drilling,Medical ovulation induction,Malkawi,2003,,OR,4,97,2,64,161,,,,,n
CD001532.PUB5,Interventions for primary vesicoureteric reflux,Rate of patients with symptomatic UTI,,Surgical reimplantation of ureters,Antibiotics,IRS EUR,2003,,RR,43,147,46,150,297,,,,,n
CD001552.PUB2,Surgical versus non-surgical treatment for carpal tunnel syndrome,Improvement in clinical symptoms at three months of follow‐up,,Open section of the carpal ligament,NSAID and splinting or corticosteroid injections,Hui,2005,,RR,62,87,46,89,176,,,,,
CD001552.PUB2,Surgical versus non-surgical treatment for carpal tunnel syndrome,Improvement in clinical symptoms at three months of follow‐up,,Open section of the carpal ligament,NSAID and splinting or corticosteroid injections,Ly Pen,2005,,RR,21,36,29,33,69,,,,,
CD001802.PUB3,Tonsillectomy or adenotonsillectomy versus non-surgical treatment for chronic/recurrent acute tonsillitis,Episodes of sore throat of any severity children,,Tonsillectomy or adrenotonsillectomy,Watchful waiting with or without analgesics and antibiotics,Paradise,1984,,MD,,38,,35,73,2.2,1.62,3.1,2.64,n
CD001802.PUB3,Tonsillectomy or adenotonsillectomy versus non-surgical treatment for chronic/recurrent acute tonsillitis,Episodes of sore throat of any severity children,,Tonsillectomy or adrenotonsillectomy,Watchful waiting with or without analgesics and antibiotics,Lock,2010,,MD,,119,,112,231,6,5.16,7.7,5.88,n
CD001802.PUB3,Tonsillectomy or adenotonsillectomy versus non-surgical treatment for chronic/recurrent acute tonsillitis,Episodes of sore throat of any severity children,,Tonsillectomy or adrenotonsillectomy,Watchful waiting with or without analgesics and antibiotics,Paradise,2002,a,MD,,93,,54,147,2.91,1.39,2.78,1.66,n
CD001802.PUB3,Tonsillectomy or adenotonsillectomy versus non-surgical treatment for chronic/recurrent acute tonsillitis,Episodes of sore throat of any severity children,,Tonsillectomy or adrenotonsillectomy,Watchful waiting with or without analgesics and antibiotics,Paradise,2002,b,MD,,59,,67,126,2.9,1.37,3.6,1.87,n
CD001802.PUB3,Tonsillectomy or adenotonsillectomy versus non-surgical treatment for chronic/recurrent acute tonsillitis,Episodes of sore throat of any severity children,,Tonsillectomy or adrenotonsillectomy,Watchful waiting with or without analgesics and antibiotics,van Staiij,2004,,MD,,111,,107,218,2.74,1.76,3.27,2.42,n
CD001802.PUB3,Tonsillectomy or adenotonsillectomy versus non-surgical treatment for chronic/recurrent acute tonsillitis,Episodes of moderate sore throat children,,Tonsillectomy or adrenotonsillectomy,Watchful waiting with or without analgesics and antibiotics,Paradise,1984,,MD,,38,,35,73,1.08,0.27,1.17,1.42,n
CD001802.PUB3,Tonsillectomy or adenotonsillectomy versus non-surgical treatment for chronic/recurrent acute tonsillitis,Episodes of moderate sore throat children,,Tonsillectomy or adrenotonsillectomy,Watchful waiting with or without analgesics and antibiotics,Paradise,2002,a,MD,,93,,54,147,1.13,0.41,0.24,0.51,n
CD001802.PUB3,Tonsillectomy or adenotonsillectomy versus non-surgical treatment for chronic/recurrent acute tonsillitis,Episodes of moderate sore throat children,,Tonsillectomy or adrenotonsillectomy,Watchful waiting with or without analgesics and antibiotics,Paradise,2002,b,MD,,59,,67,126,1.15,0.42,0.43,0.67,n
CD001802.PUB3,Tonsillectomy or adenotonsillectomy versus non-surgical treatment for chronic/recurrent acute tonsillitis,Episodes of moderate sore throat children,,Tonsillectomy or adrenotonsillectomy,Watchful waiting with or without analgesics and antibiotics,van Staiij,2004,,MD,,111,,107,218,1.69,0.91,0.86,2.34,n
CD001802.PUB3,Tonsillectomy or adenotonsillectomy versus non-surgical treatment for chronic/recurrent acute tonsillitis,Sore throat days (including those immediately post surgery) children,,Tonsillectomy or adrenotonsillectomy,Watchful waiting with or without analgesics and antibiotics,Paradise,1984,,MD,,38,,35,73,16.3,14.3,18.9,14.6,n
CD001802.PUB3,Tonsillectomy or adenotonsillectomy versus non-surgical treatment for chronic/recurrent acute tonsillitis,Sore throat days (including those immediately post surgery) children,,Tonsillectomy or adrenotonsillectomy,Watchful waiting with or without analgesics and antibiotics,Lock,2010,,MD,,119,,112,231,31,29.25,49.1,54.62,n
CD001802.PUB3,Tonsillectomy or adenotonsillectomy versus non-surgical treatment for chronic/recurrent acute tonsillitis,Sore throat days (including those immediately post surgery) children,,Tonsillectomy or adrenotonsillectomy,Watchful waiting with or without analgesics and antibiotics,Paradise,2002,a,MD,,93,,54,147,19.5,14.5,25,21,n
CD001802.PUB3,Tonsillectomy or adenotonsillectomy versus non-surgical treatment for chronic/recurrent acute tonsillitis,Sore throat days (including those immediately post surgery) children,,Tonsillectomy or adrenotonsillectomy,Watchful waiting with or without analgesics and antibiotics,Paradise,2002,b,MD,,59,,67,126,23,20,24,17,n
CD001802.PUB3,Tonsillectomy or adenotonsillectomy versus non-surgical treatment for chronic/recurrent acute tonsillitis,Sore throat days (including those immediately post surgery) children,,Tonsillectomy or adrenotonsillectomy,Watchful waiting with or without analgesics and antibiotics,van Staiij,2004,,MD,,111,,107,218,12.68,9.5,18.92,24.59,n
CD001802.PUB3,Tonsillectomy or adenotonsillectomy versus non-surgical treatment for chronic/recurrent acute tonsillitis,Episodes of sore throat of any severity adults,,Tonsillectomy or adrenotonsillectomy,Watchful waiting with or without analgesics and antibiotics,Alho,2007,,MD,,36,,34,70,0.6,0.9,2.1,2.3,n
CD001802.PUB3,Tonsillectomy or adenotonsillectomy versus non-surgical treatment for chronic/recurrent acute tonsillitis,Episodes of sore throat of any severity adults,,Tonsillectomy or adrenotonsillectomy,Watchful waiting with or without analgesics and antibiotics,Koskenkorva,2013,,MD,,46,,40,86,1.5,2.4,7.4,5.8,n
CD001802.PUB3,Tonsillectomy or adenotonsillectomy versus non-surgical treatment for chronic/recurrent acute tonsillitis,Sore throat days(including those immediately post_surgery adults,,Tonsillectomy or adrenotonsillectomy,Watchful waiting with or without analgesics and antibiotics,Alho,2007,,MD,,36,,34,70,3.2,5.3,12.1,14.1,n
CD001802.PUB3,Tonsillectomy or adenotonsillectomy versus non-surgical treatment for chronic/recurrent acute tonsillitis,Sore throat days(including those immediately post_surgery adults,,Tonsillectomy or adrenotonsillectomy,Watchful waiting with or without analgesics and antibiotics,Koskenkorva,2013,,MD,,46,,40,86,5.1,8.7,40.2,60.5,n
CD001923.PUB2,Carotid endarterectomy for asymptomatic carotid stenosis,"Perioperative stroke or death, or stroke of any territory or type during follow up",,Carotid endarterectomy and Aspirin 325 mg daily,Aspirin 325 mg daily,VA,1993,,RR,12,211,2,233,444,,,,,n
CD001923.PUB2,Carotid endarterectomy for asymptomatic carotid stenosis,"Perioperative stroke or death, or stroke of any territory or type during follow up",,Carotid endarterectomy and Aspirin 325 mg daily,Aspirin 325 mg daily,ACAS,1995,,RR,19,825,3,834,1659,,,,,n
CD002784.PUB3,Surgery versus thrombolysis for initial management of acute limb ischaemia,Limb salvage at 30 days,,Surgery including primary amputation,Thrombolysis (w/ rt-Pa or urokinase),Ouriel,1994,,OR,40,57,49,57,217,,,,,
CD002784.PUB3,Surgery versus thrombolysis for initial management of acute limb ischaemia,Limb salvage at 30 days,,Surgery including primary amputation,Thrombolysis (w/ rt-Pa or urokinase),Ouriel,1996,,OR,57,58,47,52,270,,,,,
CD002784.PUB3,Surgery versus thrombolysis for initial management of acute limb ischaemia,Limb salvage at 30 days,,Surgery including primary amputation,Thrombolysis (w/ rt-Pa or urokinase),STILE,1994,,OR,128,144,225,248,354,,,,,
CD003037.PUB2,Medical versus surgical methods for first trimester termination of pregnancy,Abortion not completeted with intended method,,Suction aspiration,Vaginal suppositories or im inj. of 9-methylene-PGE2,Rosen,1984,,OR,0,18,1,35,53,,,,,n
CD003037.PUB2,Medical versus surgical methods for first trimester termination of pregnancy,Abortion not completeted with intended method,,Suction aspiration,Vaginal suppositories or im inj. of 9-methylene-PGE2,WHO,1987,,OR,6,216,15,203,419,,,,,n
CD003037.PUB2,Medical versus surgical methods for first trimester termination of pregnancy,Ongoing pregnancy,,Suction aspiration,Vaginal suppositories or im inj. of 9-methylene-PGE2,Rosen,1984,,OR,0,18,1,35,53,,,,,n
CD003037.PUB2,Medical versus surgical methods for first trimester termination of pregnancy,Ongoing pregnancy,,Suction aspiration,Vaginal suppositories or im inj. of 9-methylene-PGE2,WHO,1987,,OR,7,216,31,203,419,,,,,n
CD003037.PUB2,Medical versus surgical methods for first trimester termination of pregnancy,Pelvic infection,,Suction aspiration,Vaginal suppositories or im inj. of 9-methylene-PGE2,WHO,1987,,OR,8,203,4,216,419,,,,,n
CD003243.PUB3,Laparoscopic fundoplication surgery versus medical management for gastro-oesophageal reflux disease (GORD) in adults,Health_related quality of life (<1 y),,Laparoscopic fundoplication,Protein pump inhibitors,Anvari,2011,,SMD,,43,,40,83,59.3,21.7,65.8,20.3,
CD003243.PUB3,Laparoscopic fundoplication surgery versus medical management for gastro-oesophageal reflux disease (GORD) in adults,Health_related quality of life (<1 y),,Laparoscopic fundoplication,Protein pump inhibitors,Grant,2008,,SMD,,178,,179,357,0.75,0.25,0.71,0.27,
CD003243.PUB3,Laparoscopic fundoplication surgery versus medical management for gastro-oesophageal reflux disease (GORD) in adults,Health_related quality of life (<1 y),,Laparoscopic fundoplication,Protein pump inhibitors,Mahon,2005,,SMD,,79,,86,165,106.2,16.3,100.4,18.9,
CD003243.PUB3,Laparoscopic fundoplication surgery versus medical management for gastro-oesophageal reflux disease (GORD) in adults,Health_related quality of life (1-5 y),,Laparoscopic fundoplication,Protein pump inhibitors,Anvari,2011,,SMD,,43,,40,83,78.5,18.76,71.41,21.73,
CD003243.PUB3,Laparoscopic fundoplication surgery versus medical management for gastro-oesophageal reflux disease (GORD) in adults,Health_related quality of life (1-5 y),,Laparoscopic fundoplication,Protein pump inhibitors,Grant,2008,,SMD,,122,,118,240,0.736,0.223,0.76,0.228,
CD003243.PUB3,Laparoscopic fundoplication surgery versus medical management for gastro-oesophageal reflux disease (GORD) in adults,GORD_specific quality of life (<1 y),,Laparoscopic fundoplication,Protein pump inhibitors,Anvari,2011,,SMD,,43,,40,83,-8.3,8.4,-13.6,9.5,
CD003243.PUB3,Laparoscopic fundoplication surgery versus medical management for gastro-oesophageal reflux disease (GORD) in adults,GORD_specific quality of life (<1 y),,Laparoscopic fundoplication,Protein pump inhibitors,Grant,2008,,SMD,,178,,179,357,84.6,17.9,73.4,23.3,
CD003243.PUB3,Laparoscopic fundoplication surgery versus medical management for gastro-oesophageal reflux disease (GORD) in adults,GORD_specific quality of life (<1 y),,Laparoscopic fundoplication,Protein pump inhibitors,Lundell,2009,,SMD,,288,,266,554,-1.18,0.44,-1.66,0.88,
CD003243.PUB3,Laparoscopic fundoplication surgery versus medical management for gastro-oesophageal reflux disease (GORD) in adults,GORD_specific quality of life (<1 y),,Laparoscopic fundoplication,Protein pump inhibitors,Mahon,2005,,SMD,,80,,86,166,37,5.4,35,7.3,
CD003243.PUB3,Laparoscopic fundoplication surgery versus medical management for gastro-oesophageal reflux disease (GORD) in adults,GORD_specific quality of life (1-5 y),,Laparoscopic fundoplication,Protein pump inhibitors,Anvari,2011,,SMD,,43,,40,83,-6.21,8.66,-9.05,10.4,
CD003243.PUB3,Laparoscopic fundoplication surgery versus medical management for gastro-oesophageal reflux disease (GORD) in adults,GORD_specific quality of life (1-5 y),,Laparoscopic fundoplication,Protein pump inhibitors,Grant,2008,,SMD,,178,,179,357,65.9,23.7,68.6,24,
CD003243.PUB3,Laparoscopic fundoplication surgery versus medical management for gastro-oesophageal reflux disease (GORD) in adults,GORD_specific quality of life (1-5 y),,Laparoscopic fundoplication,Protein pump inhibitors,Lundell,2008,,SMD,,288,,266,554,-1.18,0.42,-1.63,0.88,
CD003243.PUB3,Laparoscopic fundoplication surgery versus medical management for gastro-oesophageal reflux disease (GORD) in adults,Serious adverse events,,Laparoscopic fundoplication,Protein pump inhibitors,Anvari,2011,,RR,0,43,0,40,83,,,,,n
CD003243.PUB3,Laparoscopic fundoplication surgery versus medical management for gastro-oesophageal reflux disease (GORD) in adults,Serious adverse events,,Laparoscopic fundoplication,Protein pump inhibitors,Lundell,2008,,RR,60,288,38,266,554,,,,,n
CD003412.PUB3,Interventions for basal cell carcinoma of the skin,Recurrence at 3 y,,Surgical excision,Imiquimod,Bath-Hextall,2014,,RR,3,254,35,247,501,,,,,n
CD003412.PUB3,Interventions for basal cell carcinoma of the skin,Recurrence at 5 y,,Surgical excision,Imiquimod,Bath-Hextall,2014,,RR,4,254,36,247,501,,,,,n
CD003412.PUB3,Interventions for basal cell carcinoma of the skin,Observer‐rated good/excellent cosmetic outcome,,Surgical excision,Imiquimod,Bath-Hextall,2014,,RR,62,254,103,247,501,,,,,
CD003412.PUB3,Interventions for basal cell carcinoma of the skin,Patient‐rated good/excellent cosmetic outcome,,Surgical excision,Imiquimod,Bath-Hextall,2014,,RR,153,254,147,247,501,,,,,
CD003412.PUB3,Interventions for basal cell carcinoma of the skin,Recurrence at 3 y,,Surgical excision,MAL-PDT,Abbade,2015,,RR,0,35,12,33,68,,,,,n
CD003412.PUB3,Interventions for basal cell carcinoma of the skin,Observer‐rated good/excellent cosmetic outcome,,Surgical excision,MAL-PDT,Rhodes,2004,,RR,36,49,41,52,68,,,,,
CD003412.PUB3,Interventions for basal cell carcinoma of the skin,Observer‐rated good/excellent cosmetic outcome,,Surgical excision,MAL-PDT,Szeimies,2008,,RR,96,117,100,104,196,,,,,
CD003412.PUB3,Interventions for basal cell carcinoma of the skin,Patient‐rated good/excellent cosmetic outcome,,Surgical excision,MAL-PDT,Rhodes,2004,,RR,17,49,33,52,101,,,,,
CD003412.PUB3,Interventions for basal cell carcinoma of the skin,Patient‐rated good/excellent cosmetic outcome,,Surgical excision,MAL-PDT,Szeimies,2008,,RR,44,100,77,94,194,,,,,
CD003412.PUB3,Interventions for basal cell carcinoma of the skin,Recurrence at 3 y,,Surgical excision,ALA-PDT,Mosterd,2008,,RR,2,88,21,83,169,,,,,n
CD003412.PUB3,Interventions for basal cell carcinoma of the skin,Recurrence at 5 y,,Surgical excision,ALA-PDT,Mosterd,2008,,RR,2,88,23,83,169,,,,,n
CD003431.PUB3,Non surgical therapy for anal fissure,NON _ Healing (persistence or recurrence) 2 mo,,Lateral internal sphincterotomy,Medical therapy (mainly GTN and Botox),Evans,2001,,OR,9,31,24,34,65,,,,,n
CD003431.PUB3,Non surgical therapy for anal fissure,NON _ Healing (persistence or recurrence) 2 mo,,Lateral internal sphincterotomy,Medical therapy (mainly GTN and Botox),Libertiny,2002,,OR,1,35,19,35,70,,,,,n
CD003431.PUB3,Non surgical therapy for anal fissure,NON _ Healing (persistence or recurrence) 2 mo,,Lateral internal sphincterotomy,Medical therapy (mainly GTN and Botox),Mentes,2001,,OR,3,50,16,61,111,,,,,n
CD003431.PUB3,Non surgical therapy for anal fissure,NON _ Healing (persistence or recurrence) 2 mo,,Lateral internal sphincterotomy,Medical therapy (mainly GTN and Botox),Oettle,1997,,OR,0,12,2,12,24,,,,,n
CD003431.PUB3,Non surgical therapy for anal fissure,NON _ Healing (persistence or recurrence) 2 mo,,Lateral internal sphincterotomy,Medical therapy (mainly GTN and Botox),Richard,2000,,OR,12,46,32,44,90,,,,,n
CD003431.PUB3,Non surgical therapy for anal fissure,NON _ Healing (persistence or recurrence) 2 mo,,Lateral internal sphincterotomy,Medical therapy (mainly GTN and Botox),Arroyo,2005,,OR,3,40,22,40,80,,,,,n
CD003431.PUB3,Non surgical therapy for anal fissure,NON _ Healing (persistence or recurrence) 2 mo,,Lateral internal sphincterotomy,Medical therapy (mainly GTN and Botox),Parellada,2004,,OR,0,27,3,24,51,,,,,n
CD003431.PUB3,Non surgical therapy for anal fissure,NON _ Healing (persistence or recurrence) 2 mo,,Lateral internal sphincterotomy,Medical therapy (mainly GTN and Botox),Mishra,2005,,OR,3,20,2,20,40,,,,,n
CD003431.PUB3,Non surgical therapy for anal fissure,NON _ Healing (persistence or recurrence) 2 mo,,Lateral internal sphincterotomy,Medical therapy (mainly GTN and Botox),Iswariah,2005,,OR,2,21,10,17,38,,,,,n
CD003431.PUB3,Non surgical therapy for anal fissure,NON _ Healing (persistence or recurrence) 2 mo,,Lateral internal sphincterotomy,Medical therapy (mainly GTN and Botox),Ho,2005,,OR,4,92,37,44,136,,,,,n
CD003431.PUB3,Non surgical therapy for anal fissure,NON _ Healing (persistence or recurrence) 2 mo,,Lateral internal sphincterotomy,Medical therapy (mainly GTN and Botox),Boschetto,2004,,OR,1,18,11,18,36,,,,,n
CD003431.PUB3,Non surgical therapy for anal fissure,NON _ Healing (persistence or recurrence) 2 mo,,Lateral internal sphincterotomy,Medical therapy (mainly GTN and Botox),Eshghi,2007,,OR,13,30,22,30,60,,,,,n
CD003431.PUB3,Non surgical therapy for anal fissure,NON _ Healing (persistence or recurrence) 2 mo,,Lateral internal sphincterotomy,Medical therapy (mainly GTN and Botox),Katsinelos,2006,,OR,0,32,3,32,64,,,,,n
CD003431.PUB3,Non surgical therapy for anal fissure,NON _ Healing (persistence or recurrence) 2 mo,,Lateral internal sphincterotomy,Medical therapy (mainly GTN and Botox),Siddique,2008,,OR,0,31,10,33,64,,,,,n
CD003431.PUB3,Non surgical therapy for anal fissure,NON _ Healing (persistence or recurrence) 2 mo,,Lateral internal sphincterotomy,Medical therapy (mainly GTN and Botox),Suknaic,2008,,OR,4,25,6,25,50,,,,,n
CD003435.PUB2,Surgical decompression for cerebral oedema in acute ischaemic stroke,Death at the end of follow-up,,Surgical decompression,"Osmotic agents, blood pressure control, and glucose control",DECIMAL,2007,,OR,5,20,14,18,234,,,,,n
CD003435.PUB2,Surgical decompression for cerebral oedema in acute ischaemic stroke,Death at the end of follow-up,,Surgical decompression,"Osmotic agents, blood pressure control, and glucose control",DESTINY,2007,,OR,3,17,8,15,92,,,,,n
CD003435.PUB2,Surgical decompression for cerebral oedema in acute ischaemic stroke,Death at the end of follow-up,,Surgical decompression,"Osmotic agents, blood pressure control, and glucose control",HAMLET,2009,,OR,7,32,19,32,79,,,,,n
CD003712.PUB3,Transmyocardial laser revascularization versus medical therapy for refractory angina,Angina reduction,,Transmyocardial lazer revascularization,Continued medication,Allen,1999,,OR,58,132,45,143,275,,,,,
CD003712.PUB3,Transmyocardial laser revascularization versus medical therapy for refractory angina,Angina reduction,,Transmyocardial lazer revascularization,Continued medication,Burkhoff,1999,,OR,47,92,8,90,182,,,,,
CD003712.PUB3,Transmyocardial laser revascularization versus medical therapy for refractory angina,Angina reduction,,Transmyocardial lazer revascularization,Continued medication,Frazier,1999,,OR,44,91,23,101,192,,,,,
CD003712.PUB3,Transmyocardial laser revascularization versus medical therapy for refractory angina,Angina reduction,,Transmyocardial lazer revascularization,Continued medication,Jones,1999,,OR,29,43,0,43,86,,,,,
CD003712.PUB3,Transmyocardial laser revascularization versus medical therapy for refractory angina,Angina reduction,,Transmyocardial lazer revascularization,Continued medication,Schofield,1999,,OR,18,94,3,94,188,,,,,
CD003712.PUB3,Transmyocardial laser revascularization versus medical therapy for refractory angina,Angina reduction,,Transmyocardial lazer revascularization,Continued medication,Aaberge,2000,,OR,19,49,0,49,98,,,,,
CD003712.PUB3,Transmyocardial laser revascularization versus medical therapy for refractory angina,Angina reduction,,Transmyocardial lazer revascularization,Continued medication,van der Sloot,2004,,OR,11,15,0,15,30,,,,,
CD003712.PUB3,Transmyocardial laser revascularization versus medical therapy for refractory angina,Overall mortality,,Transmyocardial lazer revascularization,Continued medication,Aaberge,2000,,OR,6,50,4,50,100,,,,,n
CD003712.PUB3,Transmyocardial laser revascularization versus medical therapy for refractory angina,Overall mortality,,Transmyocardial lazer revascularization,Continued medication,Allen,1999,,OR,21,132,16,143,275,,,,,n
CD003712.PUB3,Transmyocardial laser revascularization versus medical therapy for refractory angina,Overall mortality,,Transmyocardial lazer revascularization,Continued medication,Burkhoff,1999,,OR,5,92,9,90,182,,,,,n
CD003712.PUB3,Transmyocardial laser revascularization versus medical therapy for refractory angina,Overall mortality,,Transmyocardial lazer revascularization,Continued medication,Frazier,1999,,OR,14,91,22,101,192,,,,,n
CD003712.PUB3,Transmyocardial laser revascularization versus medical therapy for refractory angina,Overall mortality,,Transmyocardial lazer revascularization,Continued medication,van der Sloot,2004,,OR,1,15,0,15,30,,,,,n
CD003712.PUB3,Transmyocardial laser revascularization versus medical therapy for refractory angina,Overall mortality,,Transmyocardial lazer revascularization,Continued medication,Schofield,1999,,OR,11,94,4,94,188,,,,,n
CD003712.PUB3,Transmyocardial laser revascularization versus medical therapy for refractory angina,Overall mortality,,Transmyocardial lazer revascularization,Continued medication,Jones,1999,,OR,5,43,5,43,86,,,,,n
CD003712.PUB3,Transmyocardial laser revascularization versus medical therapy for refractory angina,Early postoperative mortality (30 d),,Transmyocardial lazer revascularization,Continued medication,Aaberge,2000,,OR,2,50,0,50,100,,,,,n
CD003712.PUB3,Transmyocardial laser revascularization versus medical therapy for refractory angina,Early postoperative mortality (30 d),,Transmyocardial lazer revascularization,Continued medication,Allen,1999,,OR,7,132,6,143,275,,,,,n
CD003712.PUB3,Transmyocardial laser revascularization versus medical therapy for refractory angina,Early postoperative mortality (30 d),,Transmyocardial lazer revascularization,Continued medication,Burkhoff,1999,,OR,1,92,0,90,182,,,,,n
CD003712.PUB3,Transmyocardial laser revascularization versus medical therapy for refractory angina,Early postoperative mortality (30 d),,Transmyocardial lazer revascularization,Continued medication,Frazier,1999,,OR,3,91,11,101,192,,,,,n
CD003712.PUB3,Transmyocardial laser revascularization versus medical therapy for refractory angina,Early postoperative mortality (30 d),,Transmyocardial lazer revascularization,Continued medication,Schofield,1999,,OR,5,94,0,94,188,,,,,n
CD003712.PUB3,Transmyocardial laser revascularization versus medical therapy for refractory angina,Early postoperative mortality (30 d),,Transmyocardial lazer revascularization,Continued medication,van der Sloot,2004,,OR,1,15,0,15,30,,,,,n
CD003855.PUB3,Surgery versus medical therapy for heavy menstrual bleeding,Control of bleeding (cure or improvement to acceptable level) 4 mo,,Transcervical resection of endometrium using rollerball coagulation,Hormone therapy or antifibrinolytic,Cooper,1997,,RR,77,93,29,93,186,,,,,
CD003855.PUB3,Surgery versus medical therapy for heavy menstrual bleeding,Control of bleeding (cure or improvement to acceptable level) 2 y,,Transcervical resection of endometrium using rollerball coagulation,Hormone therapy or antifibrinolytic,Cooper,1997,,RR,69,87,53,86,173,,,,,
CD003855.PUB3,Surgery versus medical therapy for heavy menstrual bleeding,Control of bleeding (cure or improvement to acceptable level) 5 y,,Transcervical resection of endometrium using rollerball coagulation,Hormone therapy or antifibrinolytic,Cooper,1997,,RR,61,71,52,69,140,,,,,
CD003855.PUB3,Surgery versus medical therapy for heavy menstrual bleeding,Overall satisfaction with treatment 4 mo,,Transcervical resection of endometrium using rollerball coagulation,Hormone therapy or antifibrinolytic,Cooper,1997,,RR,70,93,25,93,186,,,,,
CD003855.PUB3,Surgery versus medical therapy for heavy menstrual bleeding,Overall satisfaction with treatment 2 y,,Transcervical resection of endometrium using rollerball coagulation,Hormone therapy or antifibrinolytic,Cooper,1997,,RR,68,87,48,86,173,,,,,
CD003855.PUB3,Surgery versus medical therapy for heavy menstrual bleeding,Overall satisfaction with treatment 5 y,,Transcervical resection of endometrium using rollerball coagulation,Hormone therapy or antifibrinolytic,Cooper,1997,,RR,58,72,49,69,141,,,,,
CD003855.PUB3,Surgery versus medical therapy for heavy menstrual bleeding,Adverse events at 4 months,,Transcervical resection of endometrium using rollerball coagulation,Hormone therapy or antifibrinolytic,Cooper,1997,,RR,12,93,46,93,186,,,,,n
CD003919.PUB2,Laser trabeculoplasty for open angle glaucoma,Failure to control IOP,,Argon laser trabeculoplasty,IOP reducing medication,Bergea,1992,,RR,14,40,20,42,82,,,,,n
CD003919.PUB2,Laser trabeculoplasty for open angle glaucoma,Failure to control IOP,,Argon laser trabeculoplasty,IOP reducing medication,GLT,1995,,RR,152,271,190,271,542,,,,,n
CD003919.PUB2,Laser trabeculoplasty for open angle glaucoma,Failure to control IOP,,Argon laser trabeculoplasty,IOP reducing medication,Moorfields,1984,,RR,8,55,6,56,111,,,,,n
CD003919.PUB2,Laser trabeculoplasty for open angle glaucoma,Visual field progression,,Argon laser trabeculoplasty,IOP reducing medication,Bergea,1992,,RR,1,40,1,42,82,,,,,
CD003919.PUB2,Laser trabeculoplasty for open angle glaucoma,Visual field progression,,Argon laser trabeculoplasty,IOP reducing medication,GLT,1995,,RR,22,271,32,271,542,,,,,
CD003919.PUB2,Laser trabeculoplasty for open angle glaucoma,Optic neuropathy progression,,Argon laser trabeculoplasty,IOP reducing medication,Bergea,1992,,RR,9,40,18,42,82,,,,,n
CD003919.PUB2,Laser trabeculoplasty for open angle glaucoma,Optic neuropathy progression,,Argon laser trabeculoplasty,IOP reducing medication,GLT,1995,,RR,13,271,13,271,542,,,,,n
CD003951.PUB3,Surgical versus medical treatment with cyclooxygenase inhibitors for symptomatic patent ductus arteriosus in preterm infants,Death before discharge,,Surgical closure,IV indomethacin,Gersony,1983,,RR,12,79,17,75,154,,,,,n
CD003983.PUB3,Decompressive craniectomy for the treatment of high intracranial pressure in closed traumatic brain injury,Neurological unfavourable outcome 6 mo,,Decompressive craniectomy,Medical treatment (including barbiturates),Taylor,2001,,RR,6,13,12,24,37,,,,,n
CD003983.PUB3,Decompressive craniectomy for the treatment of high intracranial pressure in closed traumatic brain injury,Neurological unfavourable outcome 6 mo,,Decompressive craniectomy,Medical treatment (including barbiturates),DECRA,2011,,RR,51,73,42,82,155,,,,,n
CD003983.PUB3,Decompressive craniectomy for the treatment of high intracranial pressure in closed traumatic brain injury,Neurological unfavourable outcome 6 mo,,Decompressive craniectomy,Medical treatment (including barbiturates),RESCUEicp,2016,,RR,146,206,138,202,408,,,,,n
CD003983.PUB3,Decompressive craniectomy for the treatment of high intracranial pressure in closed traumatic brain injury,Mortality 6 mo,,Decompressive craniectomy,Medical treatment (including barbiturates),Taylor,2001,,RR,2,13,6,24,39,,,,,n
CD003983.PUB3,Decompressive craniectomy for the treatment of high intracranial pressure in closed traumatic brain injury,Mortality 6 mo,,Decompressive craniectomy,Medical treatment (including barbiturates),DECRA,2011,,RR,14,73,15,82,155,,,,,n
CD003983.PUB3,Decompressive craniectomy for the treatment of high intracranial pressure in closed traumatic brain injury,Mortality 6 mo,,Decompressive craniectomy,Medical treatment (including barbiturates),RESCUEicp,2016,,RR,54,206,92,202,408,,,,,n
CD004272.PUB3,Surgery versus primary endocrine therapy for operable primary breast cancer in elderly women (70 years plus),Overall survival,,Surgery,Tamoxifen,EORTC 10851,1994,,RR,60,82,50,82,164,,,,,
CD004272.PUB3,Surgery versus primary endocrine therapy for operable primary breast cancer in elderly women (70 years plus),Overall survival,,Surgery,Tamoxifen,Nottingham 1,2011,,RR,66,66,63,65,131,,,,,
CD004272.PUB3,Surgery versus primary endocrine therapy for operable primary breast cancer in elderly women (70 years plus),Overall survival,,Surgery,Tamoxifen,St Georges,1994,,RR,100,100,100,100,200,,,,,
CD004982.PUB6,Treatment for superficial thrombophlebitis of the leg,Symptomatic VTE,,Saphenofemoral disconnection,Therapeutic LMWH,Lozano,2003,,RR,0,30,2,30,60,,,,,n
CD004982.PUB6,Treatment for superficial thrombophlebitis of the leg,Major bleeding,,Saphenofemoral disconnection,Therapeutic LMWH,Lozano,2003,,RR,0,30,0,30,60,,,,,n
CD006499.PUB4,Botulinum toxin for the treatment of strabismus,improved ocular alignment  10 PD children,,Surgical correction,Botulinum toxin,Tejedor,1996,,RR,18,24,16,23,241,,,,,
CD006499.PUB4,Botulinum toxin for the treatment of strabismus,improved ocular alignment  10 PD children,,Surgical correction,Botulinum toxin,Tejedor,1999,,RR,21,26,18,27,133,,,,,
CD006499.PUB4,Botulinum toxin for the treatment of strabismus,improved ocular alignment  10 PD adults,,Surgical correction,Botulinum toxin,Carruthers,1990,,RR,10,13,5,17,167,,,,,
CD006714.PUB2,Surgical versus medical methods for second trimester induced abortion,Combined major and minor complications,,Dilation and evacuation,Misoprostol,Grimes,1980,,RR,3,50,15,44,94,,,,,n
CD006983.PUB3,Decompressive surgery for treating nerve damage in leprosy,Change in sensory score after one year,,Decompressive surgery,Prednisolone,Ebenezer,1996,,MD,,29,,28,57,2.048,4.74,2,5,
CD006983.PUB3,Decompressive surgery for treating nerve damage in leprosy,Proportion of ulnar nerves with sensory improvement after one year,,Decompressive surgery,Prednisolone,Pannikar,1984,,RR,18,31,16,31,62,,,,,
CD006983.PUB3,Decompressive surgery for treating nerve damage in leprosy,Change in motor score after one year,,Decompressive surgery,Prednisolone,Ebenezer,1996,,MD,,29,,28,57,3.08,2.53,2.26,5.29,
CD006983.PUB3,Decompressive surgery for treating nerve damage in leprosy,Proportion of ulnar nerves with motor improvement after one year,,Decompressive surgery,Prednisolone,Pannikar,1984,,RR,20,31,22,31,62,,,,,
CD007223.PUB4,Medical treatments for incomplete miscarriage,"Complete miscarriage
",,Suction aspiration,Vaginal or oral misoprostol,Ganguly,2010,,RR,37,37,63,77,175,,,,,
CD007223.PUB4,Medical treatments for incomplete miscarriage,"Complete miscarriage
",,Suction aspiration,Vaginal or oral misoprostol,Moodliar,2005,,RR,47,47,43,47,65,,,,,
CD007223.PUB4,Medical treatments for incomplete miscarriage,"Complete miscarriage
",,Suction aspiration,Vaginal or oral misoprostol,Patua,2013,,RR,48,50,42,50,178,,,,,
CD007223.PUB4,Medical treatments for incomplete miscarriage,"Complete miscarriage
",,Suction aspiration,Vaginal or oral misoprostol,Shelley,2005,,RR,11,11,8,10,84,,,,,
CD007223.PUB4,Medical treatments for incomplete miscarriage,"Complete miscarriage
",,Suction aspiration,Vaginal or oral misoprostol,Zhang,2005,,RR,8,9,25,30,72,,,,,
CD007223.PUB4,Medical treatments for incomplete miscarriage,"Complete miscarriage
",,Suction aspiration,Vaginal or oral misoprostol,Bique,2007,,RR,101,101,101,111,122,,,,,
CD007223.PUB4,Medical treatments for incomplete miscarriage,"Complete miscarriage
",,Suction aspiration,Vaginal or oral misoprostol,Chigbu,2012,,RR,160,160,158,160,253,,,,,
CD007223.PUB4,Medical treatments for incomplete miscarriage,"Complete miscarriage
",,Suction aspiration,Vaginal or oral misoprostol,Dao,2007,,RR,222,224,206,218,310,,,,,
CD007223.PUB4,Medical treatments for incomplete miscarriage,"Complete miscarriage
",,Suction aspiration,Vaginal or oral misoprostol,Montesinos,2011,,RR,97,97,100,106,166,,,,,
CD007223.PUB4,Medical treatments for incomplete miscarriage,"Complete miscarriage
",,Suction aspiration,Vaginal or oral misoprostol,Shwekerela,2007,,RR,150,150,149,150,243,,,,,
CD007223.PUB4,Medical treatments for incomplete miscarriage,"Complete miscarriage
",,Suction aspiration,Vaginal or oral misoprostol,Taylor,2011,,RR,109,110,106,108,196,,,,,
CD007223.PUB4,Medical treatments for incomplete miscarriage,"Complete miscarriage
",,Suction aspiration,Vaginal or oral misoprostol,Weeks,2005,,RR,75,82,103,107,151,,,,,
CD007223.PUB4,Medical treatments for incomplete miscarriage,"Complete miscarriage
",,Suction aspiration,Vaginal or oral misoprostol,Sahin,2001,,RR,40,40,38,40,133,,,,,
CD007223.PUB4,Medical treatments for incomplete miscarriage,"Complete miscarriage
",,Suction aspiration,Vaginal or oral misoprostol,Dabash,2010,,RR,346,347,342,348,382,,,,,
CD007223.PUB4,Medical treatments for incomplete miscarriage,"Complete miscarriage
",,Suction aspiration,Vaginal or oral misoprostol,Shochet,2012,,RR,374,374,439,465,577,,,,,
CD007223.PUB4,Medical treatments for incomplete miscarriage,Surgical evacuation,,Suction aspiration,Vaginal or oral misoprostol,Moodliar,2005,,RR,47,47,4,47,68,,,,,
CD007223.PUB4,Medical treatments for incomplete miscarriage,Surgical evacuation,,Suction aspiration,Vaginal or oral misoprostol,Patua,2013,,RR,50,50,4,46,109,,,,,
CD007223.PUB4,Medical treatments for incomplete miscarriage,Surgical evacuation,,Suction aspiration,Vaginal or oral misoprostol,Trinder,2006,,RR,78,92,26,90,176,,,,,
CD007223.PUB4,Medical treatments for incomplete miscarriage,Surgical evacuation,,Suction aspiration,Vaginal or oral misoprostol,Zhang,2005,,RR,9,9,4,30,123,,,,,
CD007223.PUB4,Medical treatments for incomplete miscarriage,Surgical evacuation,,Suction aspiration,Vaginal or oral misoprostol,Bique,2007,,RR,101,101,10,111,204,,,,,
CD007223.PUB4,Medical treatments for incomplete miscarriage,Surgical evacuation,,Suction aspiration,Vaginal or oral misoprostol,Chigbu,2012,,RR,160,160,2,160,246,,,,,
CD007223.PUB4,Medical treatments for incomplete miscarriage,Surgical evacuation,,Suction aspiration,Vaginal or oral misoprostol,Dao,2007,,RR,222,224,12,218,311,,,,,
CD007223.PUB4,Medical treatments for incomplete miscarriage,Surgical evacuation,,Suction aspiration,Vaginal or oral misoprostol,Montesinos,2011,,RR,97,97,6,106,199,,,,,
CD007223.PUB4,Medical treatments for incomplete miscarriage,Surgical evacuation,,Suction aspiration,Vaginal or oral misoprostol,Shwekerela,2007,,RR,150,150,1,150,219,,,,,
CD007223.PUB4,Medical treatments for incomplete miscarriage,Surgical evacuation,,Suction aspiration,Vaginal or oral misoprostol,Taylor,2011,,RR,110,110,1,108,311,,,,,
CD007223.PUB4,Medical treatments for incomplete miscarriage,Surgical evacuation,,Suction aspiration,Vaginal or oral misoprostol,Weeks,2005,,RR,76,82,4,107,142,,,,,
CD007223.PUB4,Medical treatments for incomplete miscarriage,Surgical evacuation,,Suction aspiration,Vaginal or oral misoprostol,Sahin,2001,,RR,40,40,1,40,243,,,,,
CD007223.PUB4,Medical treatments for incomplete miscarriage,Surgical evacuation,,Suction aspiration,Vaginal or oral misoprostol,Dabash,2001,,RR,347,347,6,348,383,,,,,
CD007223.PUB4,Medical treatments for incomplete miscarriage,Death or serious complication,,Suction aspiration,Vaginal or oral misoprostol,Moodilar,2005,,RR,0,47,0,47,116,,,,,n
CD007223.PUB4,Medical treatments for incomplete miscarriage,Death or serious complication,,Suction aspiration,Vaginal or oral misoprostol,Zhang,2005,,RR,0,9,1,29,122,,,,,n
CD007223.PUB4,Medical treatments for incomplete miscarriage,Death or serious complication,,Suction aspiration,Vaginal or oral misoprostol,Montesinos,2011,,RR,0,97,0,106,309,,,,,n
CD007223.PUB4,Medical treatments for incomplete miscarriage,Death or serious complication,,Suction aspiration,Vaginal or oral misoprostol,Taylor,2011,,RR,0,110,0,108,311,,,,,n
CD007223.PUB4,Medical treatments for incomplete miscarriage,Death or serious complication,,Suction aspiration,Vaginal or oral misoprostol,Dabash,2010,,RR,0,347,0,348,551,,,,,n
CD007630.PUB2,Surgical orbital decompression for thyroid eye disease,Proportion of successes compared to the proportion of treatment failures as defined by the study authors based on the use of composite outcome scores,,Surgical orbital decompression,IV Methylprednisolone 1x3 followed by oral prednisolone,Wakelkamp,2005,,RR,1,6,5,9,15,,,,,
CD009366.PUB2,Lumbar sympathectomy versus prostanoids for critical limb ischaemia due to non_reconstructable peripheral arterial disease,Complete ulcer healing without rest pain or major amputation (intention to treat) 24 w,,Open unilateral sympathectomy (L2-4),IV prostanoid iloprost,Bozkurt,2006,,RR,72,100,41,100,200,,,,,
CD009379.PUB2,Amniotic membrane transplantation for acute ocular burns,Epithelial defect on day 21 post_injury,,Amniotic membrane transplantation and medication,"Lubrication, Antibiotics and Pressure lowering medication",Tandon,2011,,RR,17,33,21,35,68,,,,,n
CD009379.PUB2,Amniotic membrane transplantation for acute ocular burns,Visual acuity at final follow_up,,Amniotic membrane transplantation and medication,"Lubrication, Antibiotics and Pressure lowering medication",Tandon,2011,,MD,,16,,20,36,0.06,0.1,0.38,0.52,
CD009526.PUB2,Ovarian surgery for symptom relief in women with polycystic ovary syndrome,Menstrual regularity at 6 months LOD v medical interventions,,Laparoscopic ovarian drilling,Metformin + Clomiphene,Palomba,2010,,OR,17,25,20,25,50,,,,,
CD009526.PUB2,Ovarian surgery for symptom relief in women with polycystic ovary syndrome,Menstrual regularity at 6 months LOD v medical interventions,,Laparoscopic ovarian drilling,Metformin + Clomiphene,Hashim,2010,,OR,103,144,95,138,282,,,,,
CD009526.PUB2,Ovarian surgery for symptom relief in women with polycystic ovary syndrome,Menstrual regularity at 6 months LOD v medical interventions,,Laparoscopic ovarian drilling,Gonadotropins,Kaya,2005,,OR,12,17,2,18,35,,,,,
CD009526.PUB2,Ovarian surgery for symptom relief in women with polycystic ovary syndrome,Menstrual regularity at 6 months LOD v medical interventions,,Laparoscopic ovarian drilling,Letrozole,Hashim,2011,,OR,93,132,88,128,260,,,,,
CD009526.PUB2,Ovarian surgery for symptom relief in women with polycystic ovary syndrome,Menstrual regularity at 6 months LOD v medical interventions,,Laparoscopic ovarian drilling,Metformin + Letrozol,Elgafor,2013,,OR,37,73,38,73,146,,,,,
CD009526.PUB2,Ovarian surgery for symptom relief in women with polycystic ovary syndrome,Menstrual regularity at 6 months LOD v medical interventions,,Laparoscopic ovarian drilling,Metformin,Hamed,2010,,OR,22,63,31,63,126,,,,,
CD009526.PUB2,Ovarian surgery for symptom relief in women with polycystic ovary syndrome,Menstrual regularity at 6 months LOD v medical interventions,,Laparoscopic ovarian drilling,Metformin,Ashrafinia,2009,,OR,42,55,32,55,110,,,,,
CD009526.PUB2,Ovarian surgery for symptom relief in women with polycystic ovary syndrome,Improvement in androgenic symptoms at 6 months,,Laparoscopic ovarian drilling,Metformin,Ashrafinia,2009,,OR,13,63,13,63,126,,,,,
CD009526.PUB2,Ovarian surgery for symptom relief in women with polycystic ovary syndrome,Improvement in androgenic symptoms at 6 months,,Laparoscopic ovarian drilling,Gonadotropins,Farquhar,2002,,OR,7,29,2,21,50,,,,,
CD009860.PUB2,Surgery for trigger finger,Resolution of triggering,,Open surgery,Corticosteroid injection,Hansen,2017,,RR,75,84,38,81,165,,,,,
CD009860.PUB2,Surgery for trigger finger,Resolution of triggering,,Open surgery,Corticosteroid injection,Sato,2012,,RR,56,56,42,49,105,,,,,
CD010244.PUB2,Resection versus other treatments for locally advanced pancreatic cancer,Overall mortality (5 y),,Pancreatic resection,Chemoradiotherapy,Doi,2006,,RR,2,20,0,22,42,,,,,n
CD010244.PUB2,Resection versus other treatments for locally advanced pancreatic cancer,Overall mortality (5 y),,Pancreatic resection,Chemoradiotherapy,Lygidakis,2004,,RR,5,27,0,29,56,,,,,n
CD010264.PUB2,Surgical versus non‐surgical treatment for lumbar spinal stenosis,Oswestry Disability index 6 w,,Decompressive surgery with or without fusion,Epidural steroid injection,Brown,2012,,MD,,21,,17,38,11.4,4.2,5.7,10.1,n
CD010264.PUB2,Surgical versus non‐surgical treatment for lumbar spinal stenosis,Pain intensity (VAS) 6 w,,Decompressive surgery with or without fusion,Epidural steroid injection,Brown,2012,,MD,,21,,17,38,2.5,0.7,0.1,0.8,n
CD010264.PUB2,Surgical versus non‐surgical treatment for lumbar spinal stenosis,Zurich claudication questionnaire (symptom evaluation) 6 w,,Decompressive surgery with or without fusion,Epidural steroid injection,Brown,2012,,MD,,21,,17,38,2.2,0.26,2.8,0.26,n
CD010287.PUB3,Aromatase inhibitors (letrozole) for subfertile women with polycystic ovary syndrome,Live birth,,Laparoscopic ovarian drilling,Letrozele,Abdellah,2011,,RR,16,73,23,74,147,,,,,
CD010287.PUB3,Aromatase inhibitors (letrozole) for subfertile women with polycystic ovary syndrome,Live birth,,Laparoscopic ovarian drilling,Letrozele,Abu Hashim,2010,,RR,33,132,32,128,260,,,,,
CD010287.PUB3,Aromatase inhibitors (letrozole) for subfertile women with polycystic ovary syndrome,Live birth,,Laparoscopic ovarian drilling,Letrozele,Liu,2015,,RR,16,70,27,71,141,,,,,
CD010287.PUB3,Aromatase inhibitors (letrozole) for subfertile women with polycystic ovary syndrome,Rate of ovarian hyperstimulation syndrome,,Laparoscopic ovarian drilling,Letrozele,Abu Hashim,2010,,RD,0,132,0,128,260,,,,,n
CD010541.PUB3,Surgery for epilepsy,Proportion free from seizures at 1 year,,Epilepsy surgery,Continued antiepileptic drugs,Wiebe,2001,,RR,23,40,3,40,80,,,,,
CD010541.PUB3,Surgery for epilepsy,Proportion free from seizures at 1 year,,Epilepsy surgery,Continued antiepileptic drugs,Dwivedi,2017,,RR,44,57,4,59,116,,,,,
CD010541.PUB3,Surgery for epilepsy,Proportion free from all seizures (including auras) at 1 year,,Epilepsy surgery,Continued antiepileptic drugs,Wiebe,2001,,RR,15,40,1,40,80,,,,,
CD010651.PUB2,Surgical versus non-surgical management for pleural empyema,Mortality,,Open thoracotomy,Thoracostomy drainage (with fibrinolytics),Karaman,2004,,RR,0,15,0,15,30,,,,,n
CD010651.PUB2,Surgical versus non-surgical management for pleural empyema,Mortality,,VATS,Thoracostomy drainage (with fibrinolytics),Cobanoglu,2014,,RR,0,27,0,27,54,,,,,n
CD010651.PUB2,Surgical versus non-surgical management for pleural empyema,Mortality,,VATS,Thoracostomy drainage (with fibrinolytics),Kurt,2006,,RR,0,10,0,8,18,,,,,n
CD010651.PUB2,Surgical versus non-surgical management for pleural empyema,Mortality,,VATS,Thoracostomy drainage (with fibrinolytics),Marhuenda,2014,,RR,0,53,0,50,103,,,,,n
CD010651.PUB2,Surgical versus non-surgical management for pleural empyema,Mortality,,VATS,Thoracostomy drainage (with fibrinolytics),Peter,2009,,RR,0,18,0,18,36,,,,,n
CD010651.PUB2,Surgical versus non-surgical management for pleural empyema,Mortality,,VATS,Thoracostomy drainage (with fibrinolytics),Sonnappa,2006,,RR,0,30,0,30,60,,,,,n
CD010651.PUB2,Surgical versus non-surgical management for pleural empyema,Mortality,,VATS,Thoracostomy drainage (with fibrinolytics),Bilgin,2006,,RR,0,35,0,35,70,,,,,n
CD010651.PUB2,Surgical versus non-surgical management for pleural empyema,Mortality,,VATS,Thoracostomy drainage (with fibrinolytics),Wait,1997,,RR,1,11,1,9,20,,,,,n
CD011160.PUB2,Anti-vascular endothelial growth factor for choroidal neovascularisation in people with pathological myopia,Change in best corrected visual acuity,,Laser surgery,intravitreal anti-VEGF,Parodi,2010,,MD,,17,,19,36,0.02,0.32,-0.2,0.32,
CD011160.PUB2,Anti-vascular endothelial growth factor for choroidal neovascularisation in people with pathological myopia,Proportion of participants with a gain of 3+ lines in BCVA at 1 y,,Laser surgery,intravitreal anti-VEGF,Parodi,2010,,RR,2,17,7,19,36,,,,,
CD011498.PUB2,Non-surgical versus surgical treatment for oesophageal cancer,Short_term mortality (All_cause mortality either in_hospital or within 3 months),,Oesophagectomy,Chemoradiotherapy and/or radiotherapy,Badwe,1999,,RR,3,44,3,43,259,,,,,n
CD011498.PUB2,Non-surgical versus surgical treatment for oesophageal cancer,Short_term mortality (All_cause mortality either in_hospital or within 3 months),,Oesophagectomy,Chemoradiotherapy and/or radiotherapy,Berdenne,2007,,RR,12,129,1,130,207,,,,,n
CD011498.PUB2,Non-surgical versus surgical treatment for oesophageal cancer,Short_term mortality (All_cause mortality either in_hospital or within 3 months),,Oesophagectomy,Chemoradiotherapy and/or radiotherapy,Carstens,2007,,RR,0,45,2,46,93,,,,,n
CD011498.PUB2,Non-surgical versus surgical treatment for oesophageal cancer,Short_term mortality (All_cause mortality either in_hospital or within 3 months),,Oesophagectomy,Chemoradiotherapy and/or radiotherapy,Chiu,2005,,RR,3,44,0,36,82,,,,,n
CD011498.PUB2,Non-surgical versus surgical treatment for oesophageal cancer,Short_term mortality (All_cause mortality either in_hospital or within 3 months),,Oesophagectomy,Chemoradiotherapy and/or radiotherapy,Stahl,2005,,RR,9,86,2,86,96,,,,,n
CD011498.PUB2,Non-surgical versus surgical treatment for oesophageal cancer,Long_term mortality (binary outcome),,Oesophagectomy,Chemoradiotherapy and/or radiotherapy,Berdenne,2007,,RR,90,129,91,130,176,,,,,n
CD011498.PUB2,Non-surgical versus surgical treatment for oesophageal cancer,Long_term mortality (binary outcome),,Oesophagectomy,Chemoradiotherapy and/or radiotherapy,Chiu,2005,,RR,20,44,15,36,46,,,,,n
CD011498.PUB2,Non-surgical versus surgical treatment for oesophageal cancer,Long_term mortality (binary outcome),,Oesophagectomy,Chemoradiotherapy and/or radiotherapy,Stahl,2005,,RR,69,86,75,86,116,,,,,n
CD011498.PUB2,Non-surgical versus surgical treatment for oesophageal cancer,Proportion with a serious adverse event within 3 months (Serious adverse event within 3 months as defined by ICH_GCP International Conference on Harmonisation _ Good Clinical Practice guideline (ICH_GCP 1996) or reasonable variations thereof),,Oesophagectomy,Chemoradiotherapy and/or radiotherapy,Chiu,2005,,RR,12,44,6,36,147,,,,,n
CD011498.PUB2,Non-surgical versus surgical treatment for oesophageal cancer,Short_term health_related quality of life,,Oesophagectomy,Chemoradiotherapy and/or radiotherapy,Berdenne,2007,,MD,,73,,92,252,7.52,2.5,8.45,1.85,
CD011498.PUB2,Non-surgical versus surgical treatment for oesophageal cancer,Medium_term health_related quality of life,,Oesophagectomy,Chemoradiotherapy and/or radiotherapy,Berdenne,2007,,MD,,25,,37,255,8.76,2.02,7.81,2.57,
CD012017.PUB2,Grommets (ventilation tubes) for recurrent acute otitis media in children,Proportion of patients who have no AOM recurrences at 6 months post_randomisation,,Grommets (ventilation tubes),Antibiotic prophylaxis,El-Sayed,1996,,RR,20,31,10,22,53,,,,,
CD012017.PUB2,Grommets (ventilation tubes) for recurrent acute otitis media in children,Proportion of patients who have no AOM recurrences at 6 months post_randomisation,,Grommets (ventilation tubes),Antibiotic prophylaxis,Gonzalez,1986,,RR,12,22,5,21,43,,,,,
CD012602.PUB2,Methods for managing miscarriage: a network meta_analysis,"Complete miscarriage
",,Suction aspiration,Misoprostol,Graziosi,2004,,RR,72,75,42,79,154,,,,,
CD012602.PUB2,Methods for managing miscarriage: a network meta_analysis,"Complete miscarriage
",,Suction aspiration,Misoprostol,Muffley,2002,,RR,25,25,15,25,50,,,,,
CD012602.PUB2,Methods for managing miscarriage: a network meta_analysis,"Complete miscarriage
",,Suction aspiration,Misoprostol,Shaheen,2007,,RR,48,52,40,52,104,,,,,
CD012602.PUB2,Methods for managing miscarriage: a network meta_analysis,"Complete miscarriage
",,Suction aspiration,Misoprostol,Bique,2007,,RR,101,101,101,111,212,,,,,
CD012602.PUB2,Methods for managing miscarriage: a network meta_analysis,"Complete miscarriage
",,Suction aspiration,Misoprostol,Chigbu,2012,,RR,160,160,158,160,320,,,,,
CD012602.PUB2,Methods for managing miscarriage: a network meta_analysis,"Complete miscarriage
",,Suction aspiration,Misoprostol,Dabash,2010,,RR,346,347,342,348,695,,,,,
CD012602.PUB2,Methods for managing miscarriage: a network meta_analysis,"Complete miscarriage
",,Suction aspiration,Misoprostol,Dao,2007,,RR,222,224,206,218,442,,,,,
CD012602.PUB2,Methods for managing miscarriage: a network meta_analysis,"Complete miscarriage
",,Suction aspiration,Misoprostol,Das,2014,,RR,109,111,108,111,222,,,,,
CD012602.PUB2,Methods for managing miscarriage: a network meta_analysis,"Complete miscarriage
",,Suction aspiration,Misoprostol,Ibiyemi,2018,,RR,97,98,83,100,198,,,,,
CD012602.PUB2,Methods for managing miscarriage: a network meta_analysis,"Complete miscarriage
",,Suction aspiration,Misoprostol,Montesinos,2011,,RR,97,97,100,106,203,,,,,
CD012602.PUB2,Methods for managing miscarriage: a network meta_analysis,"Complete miscarriage
",,Suction aspiration,Misoprostol,Nwafor,2020,,RR,44,46,38,48,94,,,,,
CD012602.PUB2,Methods for managing miscarriage: a network meta_analysis,"Complete miscarriage
",,Suction aspiration,Misoprostol,Patua,2013,,RR,48,50,42,48,98,,,,,
CD012602.PUB2,Methods for managing miscarriage: a network meta_analysis,"Complete miscarriage
",,Suction aspiration,Misoprostol,Sahin,2001,,RR,40,40,38,40,80,,,,,
CD012602.PUB2,Methods for managing miscarriage: a network meta_analysis,"Complete miscarriage
",,Suction aspiration,Misoprostol,Shwekerela,2007,,RR,150,150,149,150,300,,,,,
CD012602.PUB2,Methods for managing miscarriage: a network meta_analysis,"Complete miscarriage
",,Suction aspiration,Misoprostol,Taylor,2011,,RR,109,110,106,108,218,,,,,
CD012602.PUB2,Methods for managing miscarriage: a network meta_analysis,"Complete miscarriage
",,Suction aspiration,Misoprostol,Weeks,2005,,RR,75,82,103,107,189,,,,,
CD012602.PUB2,Methods for managing miscarriage: a network meta_analysis,"Complete miscarriage
",,Suction aspiration,Misoprostol,Chung,1999,,RR,308,314,318,321,635,,,,,
CD012602.PUB2,Methods for managing miscarriage: a network meta_analysis,"Complete miscarriage
",,Suction aspiration,Misoprostol,Demetroulis,2001,,RR,40,40,33,40,80,,,,,
CD012602.PUB2,Methods for managing miscarriage: a network meta_analysis,"Complete miscarriage
",,Suction aspiration,Misoprostol,Ganguly,2010,,RR,59,60,98,120,180,,,,,
CD012602.PUB2,Methods for managing miscarriage: a network meta_analysis,"Complete miscarriage
",,Suction aspiration,Misoprostol,Kashif,2020,,RR,30,30,22,30,60,,,,,
CD012602.PUB2,Methods for managing miscarriage: a network meta_analysis,"Complete miscarriage
",,Suction aspiration,Misoprostol,Kong,2013,,RR,54,55,42,60,115,,,,,
CD012602.PUB2,Methods for managing miscarriage: a network meta_analysis,"Complete miscarriage
",,Suction aspiration,Misoprostol,Zhang,2005,,RR,143,148,412,488,636,,,,,
CD012602.PUB2,Methods for managing miscarriage: a network meta_analysis,Composite outcome of death or serious complication,,Suction aspiration,Misoprostol,Chung,1999,,RR,6,314,0,321,635,,,,,n
CD012602.PUB2,Methods for managing miscarriage: a network meta_analysis,Composite outcome of death or serious complication,,Suction aspiration,Misoprostol,Dao,2007,,RR,0,224,1,218,442,,,,,n
CD012602.PUB2,Methods for managing miscarriage: a network meta_analysis,Composite outcome of death or serious complication,,Suction aspiration,Misoprostol,Demetroulis,2001,,RR,0,40,0,40,80,,,,,n
CD012602.PUB2,Methods for managing miscarriage: a network meta_analysis,Composite outcome of death or serious complication,,Suction aspiration,Misoprostol,Ganguly,2010,,RR,1,60,3,120,180,,,,,n
CD012602.PUB2,Methods for managing miscarriage: a network meta_analysis,Composite outcome of death or serious complication,,Suction aspiration,Misoprostol,Graziosi,2004,,RR,2,75,0,79,154,,,,,n
CD012602.PUB2,Methods for managing miscarriage: a network meta_analysis,Composite outcome of death or serious complication,,Suction aspiration,Misoprostol,Ibiyemi,2018,,RR,0,98,0,100,198,,,,,n
CD012602.PUB2,Methods for managing miscarriage: a network meta_analysis,Composite outcome of death or serious complication,,Suction aspiration,Misoprostol,Muffley,2002,,RR,1,25,0,25,50,,,,,n
CD012602.PUB2,Methods for managing miscarriage: a network meta_analysis,Composite outcome of death or serious complication,,Suction aspiration,Misoprostol,Taylor,2011,,RR,0,110,1,108,218,,,,,n
CD012602.PUB2,Methods for managing miscarriage: a network meta_analysis,Composite outcome of death or serious complication,,Suction aspiration,Misoprostol,Weeks,2005,,RR,0,82,0,107,189,,,,,n
CD012602.PUB2,Methods for managing miscarriage: a network meta_analysis,"Complete miscarriage
",,Suction aspiration,Misoprostol and mifepristone,Trinder,2006,,RR,290,310,192,308,618,,,,,
CD012602.PUB2,Methods for managing miscarriage: a network meta_analysis,"Complete miscarriage
",,Suction aspiration,Misoprostol and mifepristone,Niinimaki,2006,,RR,49,49,44,49,98,,,,,
CD012602.PUB2,Methods for managing miscarriage: a network meta_analysis,Composite outcome of death or serious complication,,Suction aspiration,Misoprostol and mifepristone,Trinder,2006,,RR,0,310,3,308,618,,,,,n
CD012602.PUB2,Methods for managing miscarriage: a network meta_analysis,"Complete miscarriage
",,Dilatation and curretage,Misoprostol,Shuaib,2013,,RR,55,55,42,52,107,,,,,
CD012602.PUB2,Methods for managing miscarriage: a network meta_analysis,"Complete miscarriage
",,Dilatation and curretage,Misoprostol,Moodliar,2005,,RR,47,47,43,47,94,,,,,
CD012602.PUB2,Methods for managing miscarriage: a network meta_analysis,"Complete miscarriage
",,Dilatation and curretage,Misoprostol,de Jonge,1995,,RR,26,27,3,23,50,,,,,
CD012602.PUB2,Methods for managing miscarriage: a network meta_analysis,"Complete miscarriage
",,Dilatation and curretage,Misoprostol,Kyaw,2015,,RR,54,54,32,50,104,,,,,
CD012602.PUB2,Methods for managing miscarriage: a network meta_analysis,Composite outcome of death or serious complication,,Dilatation and curretage,Misoprostol,de Jonge,1995,,RR,7,27,7,23,50,,,,,n
CD012602.PUB2,Methods for managing miscarriage: a network meta_analysis,Composite outcome of death or serious complication,,Dilatation and curretage,Misoprostol,Shuaib,2013,,RR,1,55,0,52,107,,,,,n
CD012743.PUB2,Ab interno trabecular bypass surgery with iStent for open-angle glaucoma,Proportion of participants who were drop‐free 6-18 mo,,iStent,Latanoprost/timolol,Fea,2014,,RR,90,94,0,91,185,,,,,
CD012743.PUB2,Ab interno trabecular bypass surgery with iStent for open-angle glaucoma,Proportion of participants who were drop‐free 6-18 mo,,iStent,Latanoprost/timolol,Vold,2016,,RR,51,54,0,47,101,,,,,
CD013034.PUB2,Surgery for patellar tendinopathy (jumper's knee),"Knee pain (0-100, 12 mo)",,Arthroscopic surgery,Sclerosing injection,Willberg,2011,,MD,,25,,25,50,12.8,19.3,41.1,28.5,n
CD013034.PUB2,Surgery for patellar tendinopathy (jumper's knee),"Participant global assessment of success (0-100, 12 mo)",,Arthroscopic surgery,Sclerosing injection,Willberg,2011,,MD,,25,,25,50,86.8,20.8,52.9,32.6,
CD013034.PUB2,Surgery for patellar tendinopathy (jumper's knee),Withdrawal rate,,Arthroscopic surgery,Sclerosing injection,Willberg,2011,,OR,1,26,1,26,52,,,,,n
CD013502,Surgery for rotator cuff tears,Pain (VAS) 12 mo,,Surgical rotator cuff repair,Non-operative treatment including corticosteroid injection and exercise,Lambers Heerspink,2015,,MD,,25,,31,56,2.2,1.9,3.2,2.1,n