X.source..id,title,Outcome,surgical_arm,medical_arm,study,year of study,,journal,journal_type,direction
CD001081.PUB4,Carotid endarterectomy for symptomatic carotid stenosis,Any stroke or operative death,Aspirin and carotid surgery,Aspirin,NASCET,1991,,NEJM,general,surgery
CD001081.PUB4,Carotid endarterectomy for symptomatic carotid stenosis,"Ipsilateral ischaemic stroke, and any operative stroke or death",Aspirin and carotid surgery,Aspirin,NASCET,1991,,NEJM,general,surgery
CD001081.PUB4,Carotid endarterectomy for symptomatic carotid stenosis,Any stroke or operative death,Aspirin and carotid surgery,Aspirin,ECST,1998,,Lancet,general,inconclusive
CD001081.PUB4,Carotid endarterectomy for symptomatic carotid stenosis,"Ipsilateral ischaemic stroke, and any operative stroke or death",Aspirin and carotid surgery,Aspirin,ECST,1998,,Lancet,general,inconclusive
CD001081.PUB4,Carotid endarterectomy for symptomatic carotid stenosis,Any stroke or operative death,Aspirin and carotid surgery,Aspirin,VACSP,1991,,JAMA,general,inconclusive
CD001081.PUB4,Carotid endarterectomy for symptomatic carotid stenosis,"Ipsilateral ischaemic stroke, and any operative stroke or death",Aspirin and carotid surgery,Aspirin,VACSP,1991,,JAMA,general,inconclusive
CD010244.PUB2,Resection versus other treatments for locally advanced pancreatic cancer,Overall mortality (5 y),Pancreatic resection,Chemoradiotherapy,Doi,2006,,Pancreatology,mostly non-surgical,inconclusive
CD010244.PUB2,Resection versus other treatments for locally advanced pancreatic cancer,Overall mortality (5 y),Pancreatic resection,Chemoradiotherapy,Lygidakis,2004,,Hepatogastroenterology,mostly non-surgical,inconclusive
CD012602.PUB2,Methods for managing miscarriage: a network meta_analysis,"Complete miscarriage
",Suction aspiration,Misoprostol,Graziosi,2004,,Human Reproduction,mostly non-surgical,surgery
CD012602.PUB2,Methods for managing miscarriage: a network meta_analysis,"Complete miscarriage
",Suction aspiration,Misoprostol,Muffley,2002,,American Journal of Obstetrics and Gynecology,mostly surgical,surgery
CD012602.PUB2,Methods for managing miscarriage: a network meta_analysis,"Complete miscarriage
",Suction aspiration,Misoprostol,Shaheen,2007,,Pakistan Journal of Medical and Health Sciences,general,surgery
CD012602.PUB2,Methods for managing miscarriage: a network meta_analysis,"Complete miscarriage
",Suction aspiration,Misoprostol,Bique,2007,,International Journal of Gynecology & Obstetrics,mostly surgical,surgery
CD012602.PUB2,Methods for managing miscarriage: a network meta_analysis,"Complete miscarriage
",Suction aspiration,Misoprostol,Chigbu,2012,,East African Medical Journal,general,inconclusive
CD012602.PUB2,Methods for managing miscarriage: a network meta_analysis,"Complete miscarriage
",Suction aspiration,Misoprostol,Dabash,2010,,International Journal of Gynecology & Obstetrics,mostly surgical,inconclusive
CD012602.PUB2,Methods for managing miscarriage: a network meta_analysis,"Complete miscarriage
",Suction aspiration,Misoprostol,Dao,2007,,BJOG: an international journal of obstetrics and gynaecology,mostly surgical,surgery
CD012602.PUB2,Methods for managing miscarriage: a network meta_analysis,"Complete miscarriage
",Suction aspiration,Misoprostol,Das,2014,,Journal of the Liaquat University of Medical and Health Sciences,general,inconclusive
CD012602.PUB2,Methods for managing miscarriage: a network meta_analysis,"Complete miscarriage
",Suction aspiration,Misoprostol,Ibiyemi,2018,,Sultan Qaboos University Medical Journal,general,surgery
CD012602.PUB2,Methods for managing miscarriage: a network meta_analysis,"Complete miscarriage
",Suction aspiration,Misoprostol,Montesinos,2011,,International Journal of Gynecology & Obstetrics,mostly surgical,surgery
CD012602.PUB2,Methods for managing miscarriage: a network meta_analysis,"Complete miscarriage
",Suction aspiration,Misoprostol,Nwafor,2020,,Nigerian Journal of Clinical Practice,general,surgery
CD012602.PUB2,Methods for managing miscarriage: a network meta_analysis,"Complete miscarriage
",Suction aspiration,Misoprostol,Patua,2013,,Archives of Gynecology and Obstetrics,mostly surgical,inconclusive
CD012602.PUB2,Methods for managing miscarriage: a network meta_analysis,"Complete miscarriage
",Suction aspiration,Misoprostol,Sahin,2001,,European Journal of Contraception & Reproductive Health Care,mostly non-surgical,inconclusive
CD012602.PUB2,Methods for managing miscarriage: a network meta_analysis,"Complete miscarriage
",Suction aspiration,Misoprostol,Shwekerela,2007,,BJOG: an international journal of obstetrics and gynaecology,mostly surgical,inconclusive
CD012602.PUB2,Methods for managing miscarriage: a network meta_analysis,"Complete miscarriage
",Suction aspiration,Misoprostol,Taylor,2011,,International Journal of Gynecology & Obstetrics,mostly surgical,inconclusive
CD012602.PUB2,Methods for managing miscarriage: a network meta_analysis,"Complete miscarriage
",Suction aspiration,Misoprostol,Weeks,2005,,Obstetrics & Gynecology,mostly surgical,inconclusive
CD012602.PUB2,Methods for managing miscarriage: a network meta_analysis,"Complete miscarriage
",Suction aspiration,Misoprostol,Chung,1999,,British Journal of Obstetrics and Gynaecology,mostly surgical,inconclusive
CD012602.PUB2,Methods for managing miscarriage: a network meta_analysis,"Complete miscarriage
",Suction aspiration,Misoprostol,Demetroulis,2001,,Human Reproduction,mostly non-surgical,surgery
CD012602.PUB2,Methods for managing miscarriage: a network meta_analysis,"Complete miscarriage
",Suction aspiration,Misoprostol,Ganguly,2010,,Nepal Journal of Obstetrics and Gynaecology,mostly surgical,surgery
CD012602.PUB2,Methods for managing miscarriage: a network meta_analysis,"Complete miscarriage
",Suction aspiration,Misoprostol,Kashif,2020,,Pakistan Journal of Medical and Health Sciences,general,surgery
CD012602.PUB2,Methods for managing miscarriage: a network meta_analysis,"Complete miscarriage
",Suction aspiration,Misoprostol,Kong,2013,,Australian & New Zealand Journal of Obstetrics & Gynaecology,mostly surgical,surgery
CD012602.PUB2,Methods for managing miscarriage: a network meta_analysis,"Complete miscarriage
",Suction aspiration,Misoprostol,Zhang,2005,,American Journal of Obstetrics & Gynecology,mostly surgical,surgery
CD012602.PUB2,Methods for managing miscarriage: a network meta_analysis,Composite outcome of death or serious complication,Suction aspiration,Misoprostol,Chung,1999,,British Journal of Obstetrics and Gynaecology,mostly surgical,inconclusive
CD012602.PUB2,Methods for managing miscarriage: a network meta_analysis,Composite outcome of death or serious complication,Suction aspiration,Misoprostol,Dao,2007,,BJOG: an international journal of obstetrics and gynaecology,mostly surgical,inconclusive
CD012602.PUB2,Methods for managing miscarriage: a network meta_analysis,Composite outcome of death or serious complication,Suction aspiration,Misoprostol,Demetroulis,2001,,Human Reproduction,mostly non-surgical,inconclusive
CD012602.PUB2,Methods for managing miscarriage: a network meta_analysis,Composite outcome of death or serious complication,Suction aspiration,Misoprostol,Ganguly,2010,,Nepal Journal of Obstetrics and Gynaecology,mostly surgical,inconclusive
CD012602.PUB2,Methods for managing miscarriage: a network meta_analysis,Composite outcome of death or serious complication,Suction aspiration,Misoprostol,Graziosi,2004,,Human Reproduction,mostly non-surgical,inconclusive
CD012602.PUB2,Methods for managing miscarriage: a network meta_analysis,Composite outcome of death or serious complication,Suction aspiration,Misoprostol,Ibiyemi,2018,,Sultan Qaboos University Medical Journal,general,inconclusive
CD012602.PUB2,Methods for managing miscarriage: a network meta_analysis,Composite outcome of death or serious complication,Suction aspiration,Misoprostol,Muffley,2002,,American Journal of Obstetrics and Gynecology,mostly surgical,inconclusive
CD012602.PUB2,Methods for managing miscarriage: a network meta_analysis,Composite outcome of death or serious complication,Suction aspiration,Misoprostol,Taylor,2011,,International Journal of Gynecology & Obstetrics,mostly surgical,inconclusive
CD012602.PUB2,Methods for managing miscarriage: a network meta_analysis,Composite outcome of death or serious complication,Suction aspiration,Misoprostol,Weeks,2005,,Obstetrics & Gynecology,mostly surgical,inconclusive
CD012602.PUB2,Methods for managing miscarriage: a network meta_analysis,"Complete miscarriage
",Suction aspiration,Misoprostol and mifepristone,Trinder,2006,,BJOG: an international journal of obstetrics and gynaecology,mostly surgical,surgery
CD012602.PUB2,Methods for managing miscarriage: a network meta_analysis,"Complete miscarriage
",Suction aspiration,Misoprostol and mifepristone,Niinimaki,2006,,Fertility and Sterility,mostly non-surgical,surgery
CD012602.PUB2,Methods for managing miscarriage: a network meta_analysis,Composite outcome of death or serious complication,Suction aspiration,Misoprostol and mifepristone,Trinder,2006,,BJOG: an international journal of obstetrics and gynaecology,mostly surgical,inconclusive
CD012602.PUB2,Methods for managing miscarriage: a network meta_analysis,"Complete miscarriage
",Dilatation and curretage,Misoprostol,Shuaib,2013,,Alexandria Journal of Medicine,general,surgery
CD012602.PUB2,Methods for managing miscarriage: a network meta_analysis,"Complete miscarriage
",Dilatation and curretage,Misoprostol,Moodliar,2005,,International Journal of Gynecology and Obstetrics,mostly surgical,surgery
CD012602.PUB2,Methods for managing miscarriage: a network meta_analysis,"Complete miscarriage
",Dilatation and curretage,Misoprostol,de Jonge,1995,,BMJ,general,surgery
CD012602.PUB2,Methods for managing miscarriage: a network meta_analysis,"Complete miscarriage
",Dilatation and curretage,Misoprostol,Kyaw,2015,,Journal of Obstetrics and Gynaecology Research,mostly surgical,surgery
CD012602.PUB2,Methods for managing miscarriage: a network meta_analysis,Composite outcome of death or serious complication,Dilatation and curretage,Misoprostol,de Jonge,1995,,BMJ,general,inconclusive
CD012602.PUB2,Methods for managing miscarriage: a network meta_analysis,Composite outcome of death or serious complication,Dilatation and curretage,Misoprostol,Shuaib,2013,,Alexandria Journal of Medicine,general,inconclusive
CD006983.PUB3,Decompressive surgery for treating nerve damage in leprosy,Change in sensory score after one year,Decompressive surgery,Prednisolone,Ebenezer,1996,,International Journal of Leprosy and Other Mycobacterial Diseases,mostly non-surgical,inconclusive
CD006983.PUB3,Decompressive surgery for treating nerve damage in leprosy,Proportion of ulnar nerves with sensory improvement after one year,Decompressive surgery,Prednisolone,Pannikar,1984,,International Journal of Leprosy and Other Mycobacterial Diseases,mostly non-surgical,inconclusive
CD006983.PUB3,Decompressive surgery for treating nerve damage in leprosy,Change in motor score after one year,Decompressive surgery,Prednisolone,Ebenezer,1996,,International Journal of Leprosy and Other Mycobacterial Diseases,mostly non-surgical,inconclusive
CD006983.PUB3,Decompressive surgery for treating nerve damage in leprosy,Proportion of ulnar nerves with motor improvement after one year,Decompressive surgery,Prednisolone,Pannikar,1984,,International Journal of Leprosy and Other Mycobacterial Diseases,mostly non-surgical,inconclusive
CD009379.PUB2,Amniotic membrane transplantation for acute ocular burns,Epithelial defect on day 21 post_injury,Amniotic membrane transplantation and medication,"Lubrication, Antibiotics and Pressure lowering medication",Tandon,2011,,British Journal of Ophthalmology,mostly surgical,inconclusive
CD009379.PUB2,Amniotic membrane transplantation for acute ocular burns,Visual acuity at final follow_up,Amniotic membrane transplantation and medication,"Lubrication, Antibiotics and Pressure lowering medication",Tandon,2011,,British Journal of Ophthalmology,mostly surgical,drug
CD003431.PUB3,Non surgical therapy for anal fissure,NON _ Healing (persistence or recurrence) 2 mo,Lateral internal sphincterotomy,Medical therapy (mainly GTN and Botox),Evans,2001,,Dis. Colon & Rectum,mostly surgical,surgery
CD003431.PUB3,Non surgical therapy for anal fissure,NON _ Healing (persistence or recurrence) 2 mo,Lateral internal sphincterotomy,Medical therapy (mainly GTN and Botox),Libertiny,2002,,Eur J Surg,mostly surgical,surgery
CD003431.PUB3,Non surgical therapy for anal fissure,NON _ Healing (persistence or recurrence) 2 mo,Lateral internal sphincterotomy,Medical therapy (mainly GTN and Botox),Mentes,2001,,Dis. Colon & Rectum,mostly surgical,inconclusive
CD003431.PUB3,Non surgical therapy for anal fissure,NON _ Healing (persistence or recurrence) 2 mo,Lateral internal sphincterotomy,Medical therapy (mainly GTN and Botox),Oettle,1997,,Dis. Colon & Rectum,mostly surgical,inconclusive
CD003431.PUB3,Non surgical therapy for anal fissure,NON _ Healing (persistence or recurrence) 2 mo,Lateral internal sphincterotomy,Medical therapy (mainly GTN and Botox),Richard,2000,,Dis. Colon & Rectum,mostly surgical,surgery
CD003431.PUB3,Non surgical therapy for anal fissure,NON _ Healing (persistence or recurrence) 2 mo,Lateral internal sphincterotomy,Medical therapy (mainly GTN and Botox),Arroyo,2005,,Am J Surg,mostly surgical,surgery
CD003431.PUB3,Non surgical therapy for anal fissure,NON _ Healing (persistence or recurrence) 2 mo,Lateral internal sphincterotomy,Medical therapy (mainly GTN and Botox),Parellada,2004,,Dis. Colon & Rectum,mostly surgical,inconclusive
CD003431.PUB3,Non surgical therapy for anal fissure,NON _ Healing (persistence or recurrence) 2 mo,Lateral internal sphincterotomy,Medical therapy (mainly GTN and Botox),Mishra,2005,,ANZ J Surg,mostly surgical,inconclusive
CD003431.PUB3,Non surgical therapy for anal fissure,NON _ Healing (persistence or recurrence) 2 mo,Lateral internal sphincterotomy,Medical therapy (mainly GTN and Botox),Iswariah,2005,,ANZ J Surg,mostly surgical,surgery
CD003431.PUB3,Non surgical therapy for anal fissure,NON _ Healing (persistence or recurrence) 2 mo,Lateral internal sphincterotomy,Medical therapy (mainly GTN and Botox),Ho,2005,,Brit J Surg,mostly surgical,surgery
CD003431.PUB3,Non surgical therapy for anal fissure,NON _ Healing (persistence or recurrence) 2 mo,Lateral internal sphincterotomy,Medical therapy (mainly GTN and Botox),Boschetto,2004,,Tech Coloproctology,mostly surgical,surgery
CD003431.PUB3,Non surgical therapy for anal fissure,NON _ Healing (persistence or recurrence) 2 mo,Lateral internal sphincterotomy,Medical therapy (mainly GTN and Botox),Eshghi,2007,,Journal of Medical Sciences,general,surgery
CD003431.PUB3,Non surgical therapy for anal fissure,NON _ Healing (persistence or recurrence) 2 mo,Lateral internal sphincterotomy,Medical therapy (mainly GTN and Botox),Katsinelos,2006,,International Journal of Colorectal Disease,mostly non-surgical,inconclusive
CD003431.PUB3,Non surgical therapy for anal fissure,NON _ Healing (persistence or recurrence) 2 mo,Lateral internal sphincterotomy,Medical therapy (mainly GTN and Botox),Siddique,2008,,Bangladesh Medical Research Council Bulletin,general,surgery
CD003431.PUB3,Non surgical therapy for anal fissure,NON _ Healing (persistence or recurrence) 2 mo,Lateral internal sphincterotomy,Medical therapy (mainly GTN and Botox),Suknaic,2008,,Acta Medica Croatica,general,inconclusive
CD001122.PUB5,Laparoscopic ovarian drilling for ovulation induction in women with anovulatory polycystic ovary syndrome,Live birth,Laparoscopic ovarian drilling,Medical ovulation induction,Palomba,2004,,Fertility and Sterility,mostly non-surgical,drug
CD001122.PUB5,Laparoscopic ovarian drilling for ovulation induction in women with anovulatory polycystic ovary syndrome,Live birth,Laparoscopic ovarian drilling,Medical ovulation induction,Palomba,2010,,American Journal of Obstetrics and Gynecology,mostly surgical,inconclusive
CD001122.PUB5,Laparoscopic ovarian drilling for ovulation induction in women with anovulatory polycystic ovary syndrome,Live birth,Laparoscopic ovarian drilling,Medical ovulation induction,Zakherah,2010,,Fertility and Sterility,mostly non-surgical,inconclusive
CD001122.PUB5,Laparoscopic ovarian drilling for ovulation induction in women with anovulatory polycystic ovary syndrome,Live birth,Laparoscopic ovarian drilling,Medical ovulation induction,Bayram,2004,,BMJ,general,inconclusive
CD001122.PUB5,Laparoscopic ovarian drilling for ovulation induction in women with anovulatory polycystic ovary syndrome,Live birth,Laparoscopic ovarian drilling,Medical ovulation induction,Farquhar,2002,,Human Reproduction,mostly non-surgical,inconclusive
CD001122.PUB5,Laparoscopic ovarian drilling for ovulation induction in women with anovulatory polycystic ovary syndrome,Live birth,Laparoscopic ovarian drilling,Medical ovulation induction,Ghafarnegard,2010,,Tehran University Medical Journal,general,inconclusive
CD001122.PUB5,Laparoscopic ovarian drilling for ovulation induction in women with anovulatory polycystic ovary syndrome,Live birth,Laparoscopic ovarian drilling,Medical ovulation induction,Yadav,2018,,Journal of the South Asian Federation of Obstetrics and Gynaecology,mostly surgical,inconclusive
CD001122.PUB5,Laparoscopic ovarian drilling for ovulation induction in women with anovulatory polycystic ovary syndrome,Live birth,Laparoscopic ovarian drilling,Medical ovulation induction,Abdellah,2011,,International Journal of Gynecology & Obstetrics,mostly surgical,inconclusive
CD001122.PUB5,Laparoscopic ovarian drilling for ovulation induction in women with anovulatory polycystic ovary syndrome,Live birth,Laparoscopic ovarian drilling,Medical ovulation induction,Liu,2015,,Experimental and Therapeutic Medicine,general,inconclusive
CD001122.PUB5,Laparoscopic ovarian drilling for ovulation induction in women with anovulatory polycystic ovary syndrome,Multiple pregnancy,Laparoscopic ovarian drilling,Medical ovulation induction,Amer,2009,,Human Reproduction,mostly non-surgical,inconclusive
CD001122.PUB5,Laparoscopic ovarian drilling for ovulation induction in women with anovulatory polycystic ovary syndrome,Multiple pregnancy,Laparoscopic ovarian drilling,Medical ovulation induction,Palomba,2004,,Fertility and Sterility,mostly non-surgical,inconclusive
CD001122.PUB5,Laparoscopic ovarian drilling for ovulation induction in women with anovulatory polycystic ovary syndrome,Multiple pregnancy,Laparoscopic ovarian drilling,Medical ovulation induction,Palomba,2010,,American Journal of Obstetrics and Gynecology,mostly surgical,inconclusive
CD001122.PUB5,Laparoscopic ovarian drilling for ovulation induction in women with anovulatory polycystic ovary syndrome,Multiple pregnancy,Laparoscopic ovarian drilling,Medical ovulation induction,Roy,2010,,Archives of Gynecology and Obstetrics,mostly surgical,inconclusive
CD001122.PUB5,Laparoscopic ovarian drilling for ovulation induction in women with anovulatory polycystic ovary syndrome,Multiple pregnancy,Laparoscopic ovarian drilling,Medical ovulation induction,Bayram,2004,,BMJ,general,inconclusive
CD001122.PUB5,Laparoscopic ovarian drilling for ovulation induction in women with anovulatory polycystic ovary syndrome,Multiple pregnancy,Laparoscopic ovarian drilling,Medical ovulation induction,Farquhar,2002,,Human Reproduction,mostly non-surgical,inconclusive
CD001122.PUB5,Laparoscopic ovarian drilling for ovulation induction in women with anovulatory polycystic ovary syndrome,Multiple pregnancy,Laparoscopic ovarian drilling,Medical ovulation induction,Kaya,2005,,Journal of Minimally Invasive Gynecology,mostly surgical,inconclusive
CD001122.PUB5,Laparoscopic ovarian drilling for ovulation induction in women with anovulatory polycystic ovary syndrome,Multiple pregnancy,Laparoscopic ovarian drilling,Medical ovulation induction,Lazoviz,1998,,Fertility and Sterility,mostly non-surgical,inconclusive
CD001122.PUB5,Laparoscopic ovarian drilling for ovulation induction in women with anovulatory polycystic ovary syndrome,Multiple pregnancy,Laparoscopic ovarian drilling,Medical ovulation induction,Mehrabian,2012,,Journal of the Pakistan Medical Association JPMA,general,inconclusive
CD001122.PUB5,Laparoscopic ovarian drilling for ovulation induction in women with anovulatory polycystic ovary syndrome,Multiple pregnancy,Laparoscopic ovarian drilling,Medical ovulation induction,Vegetti,1998,,Human Reproduction,mostly non-surgical,inconclusive
CD001122.PUB5,Laparoscopic ovarian drilling for ovulation induction in women with anovulatory polycystic ovary syndrome,Multiple pregnancy,Laparoscopic ovarian drilling,Medical ovulation induction,Yadav,2018,,Journal of the South Asian Federation of Obstetrics and Gynaecology,mostly surgical,inconclusive
CD001122.PUB5,Laparoscopic ovarian drilling for ovulation induction in women with anovulatory polycystic ovary syndrome,Multiple pregnancy,Laparoscopic ovarian drilling,Medical ovulation induction,Fernandez,2015,,Journal de Gynecologie Obstetrique et Biologie de la Reproduction,mostly surgical,inconclusive
CD001122.PUB5,Laparoscopic ovarian drilling for ovulation induction in women with anovulatory polycystic ovary syndrome,Multiple pregnancy,Laparoscopic ovarian drilling,Medical ovulation induction,Abdellah,2011,,International Journal of Gynecology & Obstetrics,mostly surgical,inconclusive
CD001122.PUB5,Laparoscopic ovarian drilling for ovulation induction in women with anovulatory polycystic ovary syndrome,Multiple pregnancy,Laparoscopic ovarian drilling,Medical ovulation induction,Malkawi,2003,,Journal of Obstetrics and Gynaecology,mostly surgical,inconclusive
CD009366.PUB2,Lumbar sympathectomy versus prostanoids for critical limb ischaemia due to non_reconstructable peripheral arterial disease,Complete ulcer healing without rest pain or major amputation (intention to treat) 24 w,Open unilateral sympathectomy (L2-4),IV prostanoid iloprost,Bozkurt,2006,,International Angiology,mostly surgical,drug
CD004982.PUB6,Treatment for superficial thrombophlebitis of the leg,Symptomatic VTE,Saphenofemoral disconnection,Therapeutic LMWH,Lozano,2003,,Vascular and Endovascular Surgery,mostly surgical,inconclusive
CD004982.PUB6,Treatment for superficial thrombophlebitis of the leg,Major bleeding,Saphenofemoral disconnection,Therapeutic LMWH,Lozano,2003,,Vascular and Endovascular Surgery,mostly surgical,inconclusive
CD012017.PUB2,Grommets (ventilation tubes) for recurrent acute otitis media in children,Proportion of patients who have no AOM recurrences at 6 months post_randomisation,Grommets (ventilation tubes),Antibiotic prophylaxis,El-Sayed,1996,,Australian Journal of Oto‐laryngology,mostly surgical,inconclusive
CD012017.PUB2,Grommets (ventilation tubes) for recurrent acute otitis media in children,Proportion of patients who have no AOM recurrences at 6 months post_randomisation,Grommets (ventilation tubes),Antibiotic prophylaxis,Gonzalez,1986,,Laryngoscope,mostly surgical,inconclusive
CD004272.PUB3,Surgery versus primary endocrine therapy for operable primary breast cancer in elderly women (70 years plus),Overall survival,Surgery,Tamoxifen,EORTC 10851,1994,,European Journal of Cancer,mostly non-surgical,inconclusive
CD004272.PUB3,Surgery versus primary endocrine therapy for operable primary breast cancer in elderly women (70 years plus),Overall survival,Surgery,Tamoxifen,Nottingham 1,2011,,BMJ,general,inconclusive
CD004272.PUB3,Surgery versus primary endocrine therapy for operable primary breast cancer in elderly women (70 years plus),Overall survival,Surgery,Tamoxifen,St Georges,1994,,Lancet,general,inconclusive
CD006714.PUB2,Surgical versus medical methods for second trimester induced abortion,Combined major and minor complications,Dilation and evacuation,Misoprostol,Grimes,1980,,American Journal of Obstetrics and Gynecology,mostly surgical,surgery
CD010541.PUB3,Surgery for epilepsy,Proportion free from seizures at 1 year,Epilepsy surgery,Continued antiepileptic drugs,Wiebe,2001,,NEJM,general,surgery
CD010541.PUB3,Surgery for epilepsy,Proportion free from seizures at 1 year,Epilepsy surgery,Continued antiepileptic drugs,Dwivedi,2017,,NEJM,general,surgery
CD010541.PUB3,Surgery for epilepsy,Proportion free from all seizures (including auras) at 1 year,Epilepsy surgery,Continued antiepileptic drugs,Wiebe,2001,,NEJM,general,surgery
CD013034.PUB2,Surgery for patellar tendinopathy (jumper's knee),"Knee pain (0-100, 12 mo)",Arthroscopic surgery,Sclerosing injection,Willberg,2011,,British Journal of Sports Medicine,mostly non-surgical,surgery
CD013034.PUB2,Surgery for patellar tendinopathy (jumper's knee),"Participant global assessment of success (0-100, 12 mo)",Arthroscopic surgery,Sclerosing injection,Willberg,2011,,British Journal of Sports Medicine,mostly non-surgical,surgery
CD013034.PUB2,Surgery for patellar tendinopathy (jumper's knee),Withdrawal rate,Arthroscopic surgery,Sclerosing injection,Willberg,2011,,British Journal of Sports Medicine,mostly non-surgical,inconclusive
CD003712.PUB3,Transmyocardial laser revascularization versus medical therapy for refractory angina,Angina reduction,Transmyocardial lazer revascularization,Continued medication,Allen,1999,,NEJM,general,surgery
CD003712.PUB3,Transmyocardial laser revascularization versus medical therapy for refractory angina,Angina reduction,Transmyocardial lazer revascularization,Continued medication,Burkhoff,1999,,Lancet,general,surgery
CD003712.PUB3,Transmyocardial laser revascularization versus medical therapy for refractory angina,Angina reduction,Transmyocardial lazer revascularization,Continued medication,Frazier,1999,,NEJM,general,surgery
CD003712.PUB3,Transmyocardial laser revascularization versus medical therapy for refractory angina,Angina reduction,Transmyocardial lazer revascularization,Continued medication,Jones,1999,,Annals of Thoracic Surgery,mostly surgical,surgery
CD003712.PUB3,Transmyocardial laser revascularization versus medical therapy for refractory angina,Angina reduction,Transmyocardial lazer revascularization,Continued medication,Schofield,1999,,Lancet,general,surgery
CD003712.PUB3,Transmyocardial laser revascularization versus medical therapy for refractory angina,Angina reduction,Transmyocardial lazer revascularization,Continued medication,Aaberge,2000,,JACC,mostly non-surgical,surgery
CD003712.PUB3,Transmyocardial laser revascularization versus medical therapy for refractory angina,Angina reduction,Transmyocardial lazer revascularization,Continued medication,van der Sloot,2004,,Annals of Thoracic Surgery,mostly surgical,surgery
CD003712.PUB3,Transmyocardial laser revascularization versus medical therapy for refractory angina,Overall mortality,Transmyocardial lazer revascularization,Continued medication,Aaberge,2000,,JACC,mostly non-surgical,inconclusive
CD003712.PUB3,Transmyocardial laser revascularization versus medical therapy for refractory angina,Overall mortality,Transmyocardial lazer revascularization,Continued medication,Allen,1999,,NEJM,general,inconclusive
CD003712.PUB3,Transmyocardial laser revascularization versus medical therapy for refractory angina,Overall mortality,Transmyocardial lazer revascularization,Continued medication,Burkhoff,1999,,Lancet,general,inconclusive
CD003712.PUB3,Transmyocardial laser revascularization versus medical therapy for refractory angina,Overall mortality,Transmyocardial lazer revascularization,Continued medication,Frazier,1999,,NEJM,general,inconclusive
CD003712.PUB3,Transmyocardial laser revascularization versus medical therapy for refractory angina,Overall mortality,Transmyocardial lazer revascularization,Continued medication,van der Sloot,2004,,Annals of Thoracic Surgery,mostly surgical,inconclusive
CD003712.PUB3,Transmyocardial laser revascularization versus medical therapy for refractory angina,Overall mortality,Transmyocardial lazer revascularization,Continued medication,Schofield,1999,,Lancet,general,inconclusive
CD003712.PUB3,Transmyocardial laser revascularization versus medical therapy for refractory angina,Overall mortality,Transmyocardial lazer revascularization,Continued medication,Jones,1999,,Annals of Thoracic Surgery,mostly surgical,inconclusive
CD003712.PUB3,Transmyocardial laser revascularization versus medical therapy for refractory angina,Early postoperative mortality (30 d),Transmyocardial lazer revascularization,Continued medication,Aaberge,2000,,JACC,mostly non-surgical,inconclusive
CD003712.PUB3,Transmyocardial laser revascularization versus medical therapy for refractory angina,Early postoperative mortality (30 d),Transmyocardial lazer revascularization,Continued medication,Allen,1999,,NEJM,general,inconclusive
CD003712.PUB3,Transmyocardial laser revascularization versus medical therapy for refractory angina,Early postoperative mortality (30 d),Transmyocardial lazer revascularization,Continued medication,Burkhoff,1999,,Lancet,general,inconclusive
CD003712.PUB3,Transmyocardial laser revascularization versus medical therapy for refractory angina,Early postoperative mortality (30 d),Transmyocardial lazer revascularization,Continued medication,Frazier,1999,,NEJM,general,inconclusive
CD003712.PUB3,Transmyocardial laser revascularization versus medical therapy for refractory angina,Early postoperative mortality (30 d),Transmyocardial lazer revascularization,Continued medication,Schofield,1999,,Lancet,general,inconclusive
CD003712.PUB3,Transmyocardial laser revascularization versus medical therapy for refractory angina,Early postoperative mortality (30 d),Transmyocardial lazer revascularization,Continued medication,van der Sloot,2004,,Annals of Thoracic Surgery,mostly surgical,inconclusive
CD003951.PUB3,Surgical versus medical treatment with cyclooxygenase inhibitors for symptomatic patent ductus arteriosus in preterm infants,Death before discharge,Surgical closure,IV indomethacin,Gersony,1983,,Journal of Pediatrics,mostly non-surgical,inconclusive
CD009526.PUB2,Ovarian surgery for symptom relief in women with polycystic ovary syndrome,Menstrual regularity at 6 months LOD v medical interventions,Laparoscopic ovarian drilling,Metformin + Clomiphene,Palomba,2010,,American Journal of Obstetrics and Gynecology,mostly surgical,inconclusive
CD009526.PUB2,Ovarian surgery for symptom relief in women with polycystic ovary syndrome,Menstrual regularity at 6 months LOD v medical interventions,Laparoscopic ovarian drilling,Metformin + Clomiphene,Hashim,2010,,Archives of Gynecology and Obstetrics,mostly surgical,inconclusive
CD009526.PUB2,Ovarian surgery for symptom relief in women with polycystic ovary syndrome,Menstrual regularity at 6 months LOD v medical interventions,Laparoscopic ovarian drilling,Gonadotropins,Kaya,2005,,Journal of Minimally Invasive Gynecology,mostly surgical,inconclusive
CD009526.PUB2,Ovarian surgery for symptom relief in women with polycystic ovary syndrome,Menstrual regularity at 6 months LOD v medical interventions,Laparoscopic ovarian drilling,Letrozole,Hashim,2011,,Journal of Obstetrics and Gynaecology Research,mostly surgical,inconclusive
CD009526.PUB2,Ovarian surgery for symptom relief in women with polycystic ovary syndrome,Menstrual regularity at 6 months LOD v medical interventions,Laparoscopic ovarian drilling,Metformin + Letrozol,Elgafor,2013,,Archives of Gynecology and Obstetrics,mostly surgical,inconclusive
CD009526.PUB2,Ovarian surgery for symptom relief in women with polycystic ovary syndrome,Menstrual regularity at 6 months LOD v medical interventions,Laparoscopic ovarian drilling,Metformin,Hamed,2010,,International Journal of Gynecology and Obstetrics,mostly surgical,surgery
CD009526.PUB2,Ovarian surgery for symptom relief in women with polycystic ovary syndrome,Menstrual regularity at 6 months LOD v medical interventions,Laparoscopic ovarian drilling,Metformin,Ashrafinia,2009,,International Journal of Obstetrics and Gynaecology,mostly surgical,inconclusive
CD009526.PUB2,Ovarian surgery for symptom relief in women with polycystic ovary syndrome,Improvement in androgenic symptoms at 6 months,Laparoscopic ovarian drilling,Metformin,Ashrafinia,2009,,International Journal of Obstetrics and Gynaecology,mostly surgical,inconclusive
CD009526.PUB2,Ovarian surgery for symptom relief in women with polycystic ovary syndrome,Improvement in androgenic symptoms at 6 months,Laparoscopic ovarian drilling,Gonadotropins,Farquhar,2002,,Human Reproduction,mostly non-surgical,inconclusive
CD003855.PUB3,Surgery versus medical therapy for heavy menstrual bleeding,Control of bleeding (cure or improvement to acceptable level) 4 mo,Transcervical resection of endometrium using rollerball coagulation,Hormone therapy or antifibrinolytic,Cooper,1997,,British Journal of Obstetrics and Gynaecology,mostly surgical,surgery
CD003855.PUB3,Surgery versus medical therapy for heavy menstrual bleeding,Control of bleeding (cure or improvement to acceptable level) 2 y,Transcervical resection of endometrium using rollerball coagulation,Hormone therapy or antifibrinolytic,Cooper,1997,,British Journal of Obstetrics and Gynaecology,mostly surgical,surgery
CD003855.PUB3,Surgery versus medical therapy for heavy menstrual bleeding,Control of bleeding (cure or improvement to acceptable level) 5 y,Transcervical resection of endometrium using rollerball coagulation,Hormone therapy or antifibrinolytic,Cooper,1997,,British Journal of Obstetrics and Gynaecology,mostly surgical,inconclusive
CD003855.PUB3,Surgery versus medical therapy for heavy menstrual bleeding,Overall satisfaction with treatment 4 mo,Transcervical resection of endometrium using rollerball coagulation,Hormone therapy or antifibrinolytic,Cooper,1997,,British Journal of Obstetrics and Gynaecology,mostly surgical,surgery
CD003855.PUB3,Surgery versus medical therapy for heavy menstrual bleeding,Overall satisfaction with treatment 2 y,Transcervical resection of endometrium using rollerball coagulation,Hormone therapy or antifibrinolytic,Cooper,1997,,British Journal of Obstetrics and Gynaecology,mostly surgical,surgery
CD003855.PUB3,Surgery versus medical therapy for heavy menstrual bleeding,Overall satisfaction with treatment 5 y,Transcervical resection of endometrium using rollerball coagulation,Hormone therapy or antifibrinolytic,Cooper,1997,,British Journal of Obstetrics and Gynaecology,mostly surgical,inconclusive
CD003855.PUB3,Surgery versus medical therapy for heavy menstrual bleeding,Adverse events at 4 months,Transcervical resection of endometrium using rollerball coagulation,Hormone therapy or antifibrinolytic,Cooper,1997,,British Journal of Obstetrics and Gynaecology,mostly surgical,surgery
CD003037.PUB2,Medical versus surgical methods for first trimester termination of pregnancy,Abortion not completeted with intended method,Suction aspiration,Vaginal suppositories or im inj. of 9-methylene-PGE2,Rosen,1984,,Contraception,mostly non-surgical,inconclusive
CD003037.PUB2,Medical versus surgical methods for first trimester termination of pregnancy,Abortion not completeted with intended method,Suction aspiration,Vaginal suppositories or im inj. of 9-methylene-PGE2,WHO,1987,,British Journal of Obstetrics and Gynaecology,mostly surgical,surgery
CD003037.PUB2,Medical versus surgical methods for first trimester termination of pregnancy,Ongoing pregnancy,Suction aspiration,Vaginal suppositories or im inj. of 9-methylene-PGE2,Rosen,1984,,Contraception,mostly non-surgical,inconclusive
CD003037.PUB2,Medical versus surgical methods for first trimester termination of pregnancy,Ongoing pregnancy,Suction aspiration,Vaginal suppositories or im inj. of 9-methylene-PGE2,WHO,1987,,British Journal of Obstetrics and Gynaecology,mostly surgical,inconclusive
CD003037.PUB2,Medical versus surgical methods for first trimester termination of pregnancy,Pelvic infection,Suction aspiration,Vaginal suppositories or im inj. of 9-methylene-PGE2,WHO,1987,,British Journal of Obstetrics and Gynaecology,mostly surgical,inconclusive
CD007223.PUB4,Medical treatments for incomplete miscarriage,"Complete miscarriage
",Suction aspiration,Vaginal or oral misoprostol,Ganguly,2010,,Nepal Journal of Obstetrics and Gynaecology,mostly surgical,surgery
CD007223.PUB4,Medical treatments for incomplete miscarriage,"Complete miscarriage
",Suction aspiration,Vaginal or oral misoprostol,Moodliar,2005,,International Journal of Gynecology and Obstetrics,mostly surgical,inconclusive
CD007223.PUB4,Medical treatments for incomplete miscarriage,"Complete miscarriage
",Suction aspiration,Vaginal or oral misoprostol,Patua,2013,,Archives of Gynecology and Obstetrics,mostly surgical,inconclusive
CD007223.PUB4,Medical treatments for incomplete miscarriage,"Complete miscarriage
",Suction aspiration,Vaginal or oral misoprostol,Shelley,2005,,Australian and New Zealand Journal of Obstetrics and Gynaecology,mostly surgical,inconclusive
CD007223.PUB4,Medical treatments for incomplete miscarriage,"Complete miscarriage
",Suction aspiration,Vaginal or oral misoprostol,Zhang,2005,,American Journal of Obstetrics & Gynecology,mostly surgical,inconclusive
CD007223.PUB4,Medical treatments for incomplete miscarriage,"Complete miscarriage
",Suction aspiration,Vaginal or oral misoprostol,Bique,2007,,International Journal of Gynecology & Obstetrics,mostly surgical,surgery
CD007223.PUB4,Medical treatments for incomplete miscarriage,"Complete miscarriage
",Suction aspiration,Vaginal or oral misoprostol,Chigbu,2012,,East African Medical Journal,general,inconclusive
CD007223.PUB4,Medical treatments for incomplete miscarriage,"Complete miscarriage
",Suction aspiration,Vaginal or oral misoprostol,Dao,2007,,BJOG: an international journal of obstetrics and gynaecology,mostly surgical,surgery
CD007223.PUB4,Medical treatments for incomplete miscarriage,"Complete miscarriage
",Suction aspiration,Vaginal or oral misoprostol,Montesinos,2011,,International Journal of Gynecology & Obstetrics,mostly surgical,surgery
CD007223.PUB4,Medical treatments for incomplete miscarriage,"Complete miscarriage
",Suction aspiration,Vaginal or oral misoprostol,Shwekerela,2007,,BJOG: an international journal of obstetrics and gynaecology,mostly surgical,inconclusive
CD007223.PUB4,Medical treatments for incomplete miscarriage,"Complete miscarriage
",Suction aspiration,Vaginal or oral misoprostol,Taylor,2011,,International Journal of Gynecology & Obstetrics,mostly surgical,inconclusive
CD007223.PUB4,Medical treatments for incomplete miscarriage,"Complete miscarriage
",Suction aspiration,Vaginal or oral misoprostol,Weeks,2005,,Obstetrics & Gynecology,mostly surgical,inconclusive
CD007223.PUB4,Medical treatments for incomplete miscarriage,"Complete miscarriage
",Suction aspiration,Vaginal or oral misoprostol,Sahin,2001,,European Journal of Contraception & Reproductive Health Care,mostly non-surgical,inconclusive
CD007223.PUB4,Medical treatments for incomplete miscarriage,"Complete miscarriage
",Suction aspiration,Vaginal or oral misoprostol,Dabash,2010,,International Journal of Gynecology & Obstetrics,mostly surgical,inconclusive
CD007223.PUB4,Medical treatments for incomplete miscarriage,"Complete miscarriage
",Suction aspiration,Vaginal or oral misoprostol,Shochet,2012,,BMC Pregnancy and Childbirth,mostly non-surgical,surgery
CD007223.PUB4,Medical treatments for incomplete miscarriage,Surgical evacuation,Suction aspiration,Vaginal or oral misoprostol,Moodliar,2005,,International Journal of Gynecology and Obstetrics,mostly surgical,drug
CD007223.PUB4,Medical treatments for incomplete miscarriage,Surgical evacuation,Suction aspiration,Vaginal or oral misoprostol,Patua,2013,,Archives of Gynecology and Obstetrics,mostly surgical,drug
CD007223.PUB4,Medical treatments for incomplete miscarriage,Surgical evacuation,Suction aspiration,Vaginal or oral misoprostol,Trinder,2006,,BJOG: an international journal of obstetrics and gynaecology,mostly surgical,drug
CD007223.PUB4,Medical treatments for incomplete miscarriage,Surgical evacuation,Suction aspiration,Vaginal or oral misoprostol,Zhang,2005,,American Journal of Obstetrics & Gynecology,mostly surgical,drug
CD007223.PUB4,Medical treatments for incomplete miscarriage,Surgical evacuation,Suction aspiration,Vaginal or oral misoprostol,Bique,2007,,International Journal of Gynecology & Obstetrics,mostly surgical,drug
CD007223.PUB4,Medical treatments for incomplete miscarriage,Surgical evacuation,Suction aspiration,Vaginal or oral misoprostol,Chigbu,2012,,East African Medical Journal,general,drug
CD007223.PUB4,Medical treatments for incomplete miscarriage,Surgical evacuation,Suction aspiration,Vaginal or oral misoprostol,Dao,2007,,BJOG: an international journal of obstetrics and gynaecology,mostly surgical,drug
CD007223.PUB4,Medical treatments for incomplete miscarriage,Surgical evacuation,Suction aspiration,Vaginal or oral misoprostol,Montesinos,2011,,International Journal of Gynecology & Obstetrics,mostly surgical,drug
CD007223.PUB4,Medical treatments for incomplete miscarriage,Surgical evacuation,Suction aspiration,Vaginal or oral misoprostol,Shwekerela,2007,,BJOG: an international journal of obstetrics and gynaecology,mostly surgical,drug
CD007223.PUB4,Medical treatments for incomplete miscarriage,Surgical evacuation,Suction aspiration,Vaginal or oral misoprostol,Taylor,2011,,International Journal of Gynecology & Obstetrics,mostly surgical,drug
CD007223.PUB4,Medical treatments for incomplete miscarriage,Surgical evacuation,Suction aspiration,Vaginal or oral misoprostol,Weeks,2005,,Obstetrics & Gynecology,mostly surgical,drug
CD007223.PUB4,Medical treatments for incomplete miscarriage,Surgical evacuation,Suction aspiration,Vaginal or oral misoprostol,Sahin,2001,,European Journal of Contraception & Reproductive Health Care,mostly non-surgical,drug
CD007223.PUB4,Medical treatments for incomplete miscarriage,Surgical evacuation,Suction aspiration,Vaginal or oral misoprostol,Dabash,2001,,International Journal of Gynecology & Obstetrics,mostly surgical,drug
CD007223.PUB4,Medical treatments for incomplete miscarriage,Death or serious complication,Suction aspiration,Vaginal or oral misoprostol,Moodliar,2005,,International Journal of Gynecology and Obstetrics,mostly surgical,inconclusive
CD007223.PUB4,Medical treatments for incomplete miscarriage,Death or serious complication,Suction aspiration,Vaginal or oral misoprostol,Zhang,2005,,American Journal of Obstetrics & Gynecology,mostly surgical,inconclusive
CD007223.PUB4,Medical treatments for incomplete miscarriage,Death or serious complication,Suction aspiration,Vaginal or oral misoprostol,Montesinos,2011,,International Journal of Gynecology & Obstetrics,mostly surgical,inconclusive
CD007223.PUB4,Medical treatments for incomplete miscarriage,Death or serious complication,Suction aspiration,Vaginal or oral misoprostol,Taylor,2011,,International Journal of Gynecology & Obstetrics,mostly surgical,inconclusive
CD007223.PUB4,Medical treatments for incomplete miscarriage,Death or serious complication,Suction aspiration,Vaginal or oral misoprostol,Dabash,2010,,International Journal of Gynecology & Obstetrics,mostly surgical,inconclusive
CD003435.PUB2,Surgical decompression for cerebral oedema in acute ischaemic stroke,Death at the end of follow-up,Surgical decompression,"Osmotic agents, blood pressure control, and glucose control",DECIMAL,2007,,Stroke,mostly non-surgical,surgery
CD003435.PUB2,Surgical decompression for cerebral oedema in acute ischaemic stroke,Death at the end of follow-up,Surgical decompression,"Osmotic agents, blood pressure control, and glucose control",DESTINY,2007,,Stroke,mostly non-surgical,surgery
CD003435.PUB2,Surgical decompression for cerebral oedema in acute ischaemic stroke,Death at the end of follow-up,Surgical decompression,"Osmotic agents, blood pressure control, and glucose control",HAMLET,2009,,Lancet,general,surgery
CD011498.PUB2,Non-surgical versus surgical treatment for oesophageal cancer,Short_term mortality (All_cause mortality either in_hospital or within 3 months),Oesophagectomy,Chemoradiotherapy and/or radiotherapy,Badwe,1999,,Cancer,mostly non-surgical,inconclusive
CD011498.PUB2,Non-surgical versus surgical treatment for oesophageal cancer,Short_term mortality (All_cause mortality either in_hospital or within 3 months),Oesophagectomy,Chemoradiotherapy and/or radiotherapy,Berdenne,2007,,Journal of Clinical Oncology,mostly non-surgical,drug
CD011498.PUB2,Non-surgical versus surgical treatment for oesophageal cancer,Short_term mortality (All_cause mortality either in_hospital or within 3 months),Oesophagectomy,Chemoradiotherapy and/or radiotherapy,Carstens,2007,,Journal of Clinical Oncology,mostly non-surgical,inconclusive
CD011498.PUB2,Non-surgical versus surgical treatment for oesophageal cancer,Short_term mortality (All_cause mortality either in_hospital or within 3 months),Oesophagectomy,Chemoradiotherapy and/or radiotherapy,Chiu,2005,,Gastroenterology,mostly non-surgical,inconclusive
CD011498.PUB2,Non-surgical versus surgical treatment for oesophageal cancer,Short_term mortality (All_cause mortality either in_hospital or within 3 months),Oesophagectomy,Chemoradiotherapy and/or radiotherapy,Stahl,2005,,Journal of Clinical Oncology,mostly non-surgical,inconclusive
CD011498.PUB2,Non-surgical versus surgical treatment for oesophageal cancer,Long_term mortality (binary outcome),Oesophagectomy,Chemoradiotherapy and/or radiotherapy,Berdenne,2007,,Journal of Clinical Oncology,mostly non-surgical,inconclusive
CD011498.PUB2,Non-surgical versus surgical treatment for oesophageal cancer,Long_term mortality (binary outcome),Oesophagectomy,Chemoradiotherapy and/or radiotherapy,Chiu,2005,,Gastroenterology,mostly non-surgical,inconclusive
CD011498.PUB2,Non-surgical versus surgical treatment for oesophageal cancer,Long_term mortality (binary outcome),Oesophagectomy,Chemoradiotherapy and/or radiotherapy,Stahl,2005,,Journal of Clinical Oncology,mostly non-surgical,inconclusive
CD011498.PUB2,Non-surgical versus surgical treatment for oesophageal cancer,Proportion with a serious adverse event within 3 months (Serious adverse event within 3 months as defined by ICH_GCP International Conference on Harmonisation _ Good Clinical Practice guideline (ICH_GCP 1996) or reasonable variations thereof),Oesophagectomy,Chemoradiotherapy and/or radiotherapy,Chiu,2005,,Gastroenterology,mostly non-surgical,inconclusive
CD011498.PUB2,Non-surgical versus surgical treatment for oesophageal cancer,Short_term health_related quality of life,Oesophagectomy,Chemoradiotherapy and/or radiotherapy,Berdenne,2007,,Journal of Clinical Oncology,mostly non-surgical,drug
CD011498.PUB2,Non-surgical versus surgical treatment for oesophageal cancer,Medium_term health_related quality of life,Oesophagectomy,Chemoradiotherapy and/or radiotherapy,Berdenne,2007,,Journal of Clinical Oncology,mostly non-surgical,inconclusive
CD002784.PUB3,Surgery versus thrombolysis for initial management of acute limb ischaemia,Limb salvage at 30 days,Surgery including primary amputation,Thrombolysis (w/ rt-Pa or urokinase),Ouriel,1994,,Journal of Vascular Surgery,mostly surgical,drug
CD002784.PUB3,Surgery versus thrombolysis for initial management of acute limb ischaemia,Limb salvage at 30 days,Surgery including primary amputation,Thrombolysis (w/ rt-Pa or urokinase),Ouriel,1996,,Journal of Vascular Surgery,mostly surgical,inconclusive
CD002784.PUB3,Surgery versus thrombolysis for initial management of acute limb ischaemia,Limb salvage at 30 days,Surgery including primary amputation,Thrombolysis (w/ rt-Pa or urokinase),STILE,1994,,Annals of Surgery,mostly surgical,inconclusive
CD006499.PUB4,Botulinum toxin for the treatment of strabismus,improved ocular alignment  10 PD children,Surgical correction,Botulinum toxin,Tejedor,1996,,British Journal of Ophthalmology,mostly surgical,inconclusive
CD006499.PUB4,Botulinum toxin for the treatment of strabismus,improved ocular alignment  10 PD children,Surgical correction,Botulinum toxin,Tejedor,1999,,British Journal of Ophthalmology,mostly surgical,inconclusive
CD006499.PUB4,Botulinum toxin for the treatment of strabismus,improved ocular alignment  10 PD adults,Surgical correction,Botulinum toxin,Carruthers,1990,,Archives of Ophthalmology,mostly surgical,surgery
CD003243.PUB3,Laparoscopic fundoplication surgery versus medical management for gastro-oesophageal reflux disease (GORD) in adults,Health_related quality of life (<1 y),Laparoscopic fundoplication,Protein pump inhibitors,Anvari,2011,,Gastroenterology,mostly non-surgical,inconclusive
CD003243.PUB3,Laparoscopic fundoplication surgery versus medical management for gastro-oesophageal reflux disease (GORD) in adults,Health_related quality of life (<1 y),Laparoscopic fundoplication,Protein pump inhibitors,Grant,2008,,BMJ,general,inconclusive
CD003243.PUB3,Laparoscopic fundoplication surgery versus medical management for gastro-oesophageal reflux disease (GORD) in adults,Health_related quality of life (<1 y),Laparoscopic fundoplication,Protein pump inhibitors,Mahon,2005,,British Journal of Surgery,mostly surgical,surgery
CD003243.PUB3,Laparoscopic fundoplication surgery versus medical management for gastro-oesophageal reflux disease (GORD) in adults,Health_related quality of life (1-5 y),Laparoscopic fundoplication,Protein pump inhibitors,Anvari,2011,,Gastroenterology,mostly non-surgical,inconclusive
CD003243.PUB3,Laparoscopic fundoplication surgery versus medical management for gastro-oesophageal reflux disease (GORD) in adults,Health_related quality of life (1-5 y),Laparoscopic fundoplication,Protein pump inhibitors,Grant,2008,,BMJ,general,inconclusive
CD003243.PUB3,Laparoscopic fundoplication surgery versus medical management for gastro-oesophageal reflux disease (GORD) in adults,GORD_specific quality of life (<1 y),Laparoscopic fundoplication,Protein pump inhibitors,Anvari,2011,,Gastroenterology,mostly non-surgical,surgery
CD003243.PUB3,Laparoscopic fundoplication surgery versus medical management for gastro-oesophageal reflux disease (GORD) in adults,GORD_specific quality of life (<1 y),Laparoscopic fundoplication,Protein pump inhibitors,Grant,2008,,BMJ,general,surgery
CD003243.PUB3,Laparoscopic fundoplication surgery versus medical management for gastro-oesophageal reflux disease (GORD) in adults,GORD_specific quality of life (<1 y),Laparoscopic fundoplication,Protein pump inhibitors,Lundell,2009,,Clinical Gastroenterology and Hepatology,mostly non-surgical,surgery
CD003243.PUB3,Laparoscopic fundoplication surgery versus medical management for gastro-oesophageal reflux disease (GORD) in adults,GORD_specific quality of life (<1 y),Laparoscopic fundoplication,Protein pump inhibitors,Mahon,2005,,British Journal of Surgery,mostly surgical,surgery
CD003243.PUB3,Laparoscopic fundoplication surgery versus medical management for gastro-oesophageal reflux disease (GORD) in adults,GORD_specific quality of life (1-5 y),Laparoscopic fundoplication,Protein pump inhibitors,Anvari,2011,,Gastroenterology,mostly non-surgical,inconclusive
CD003243.PUB3,Laparoscopic fundoplication surgery versus medical management for gastro-oesophageal reflux disease (GORD) in adults,GORD_specific quality of life (1-5 y),Laparoscopic fundoplication,Protein pump inhibitors,Grant,2008,,BMJ,general,inconclusive
CD003243.PUB3,Laparoscopic fundoplication surgery versus medical management for gastro-oesophageal reflux disease (GORD) in adults,GORD_specific quality of life (1-5 y),Laparoscopic fundoplication,Protein pump inhibitors,Lundell,2008,,Clinical Gastroenterology and Hepatology,mostly non-surgical,surgery
CD003243.PUB3,Laparoscopic fundoplication surgery versus medical management for gastro-oesophageal reflux disease (GORD) in adults,Serious adverse events,Laparoscopic fundoplication,Protein pump inhibitors,Anvari,2011,,Gastroenterology,mostly non-surgical,inconclusive
CD003243.PUB3,Laparoscopic fundoplication surgery versus medical management for gastro-oesophageal reflux disease (GORD) in adults,Serious adverse events,Laparoscopic fundoplication,Protein pump inhibitors,Lundell,2008,,Clinical Gastroenterology and Hepatology,mostly non-surgical,drug
CD001802.PUB3,Tonsillectomy or adenotonsillectomy versus non-surgical treatment for chronic/recurrent acute tonsillitis,Episodes of sore throat of any severity children,Tonsillectomy or adrenotonsillectomy,Watchful waiting with or without analgesics and antibiotics,Paradise,1984,,NEJM,general,inconclusive
CD001802.PUB3,Tonsillectomy or adenotonsillectomy versus non-surgical treatment for chronic/recurrent acute tonsillitis,Episodes of sore throat of any severity children,Tonsillectomy or adrenotonsillectomy,Watchful waiting with or without analgesics and antibiotics,Lock,2010,,Health Technology Assessment,general,surgery
CD001802.PUB3,Tonsillectomy or adenotonsillectomy versus non-surgical treatment for chronic/recurrent acute tonsillitis,Episodes of sore throat of any severity children,Tonsillectomy or adrenotonsillectomy,Watchful waiting with or without analgesics and antibiotics,Paradise,2002,a,Pediatrics,mostly non-surgical,inconclusive
CD001802.PUB3,Tonsillectomy or adenotonsillectomy versus non-surgical treatment for chronic/recurrent acute tonsillitis,Episodes of sore throat of any severity children,Tonsillectomy or adrenotonsillectomy,Watchful waiting with or without analgesics and antibiotics,Paradise,2002,b,Pediatrics,mostly non-surgical,surgery
CD001802.PUB3,Tonsillectomy or adenotonsillectomy versus non-surgical treatment for chronic/recurrent acute tonsillitis,Episodes of sore throat of any severity children,Tonsillectomy or adrenotonsillectomy,Watchful waiting with or without analgesics and antibiotics,van Staiij,2004,,BMJ,general,inconclusive
CD001802.PUB3,Tonsillectomy or adenotonsillectomy versus non-surgical treatment for chronic/recurrent acute tonsillitis,Episodes of moderate sore throat children,Tonsillectomy or adrenotonsillectomy,Watchful waiting with or without analgesics and antibiotics,Paradise,1984,,NEJM,general,inconclusive
CD001802.PUB3,Tonsillectomy or adenotonsillectomy versus non-surgical treatment for chronic/recurrent acute tonsillitis,Episodes of moderate sore throat children,Tonsillectomy or adrenotonsillectomy,Watchful waiting with or without analgesics and antibiotics,Paradise,2002,a,Pediatrics,mostly non-surgical,drug
CD001802.PUB3,Tonsillectomy or adenotonsillectomy versus non-surgical treatment for chronic/recurrent acute tonsillitis,Episodes of moderate sore throat children,Tonsillectomy or adrenotonsillectomy,Watchful waiting with or without analgesics and antibiotics,Paradise,2002,b,Pediatrics,mostly non-surgical,drug
CD001802.PUB3,Tonsillectomy or adenotonsillectomy versus non-surgical treatment for chronic/recurrent acute tonsillitis,Episodes of moderate sore throat children,Tonsillectomy or adrenotonsillectomy,Watchful waiting with or without analgesics and antibiotics,van Staiij,2004,,BMJ,general,drug
CD001802.PUB3,Tonsillectomy or adenotonsillectomy versus non-surgical treatment for chronic/recurrent acute tonsillitis,Sore throat days (including those immediately post surgery) children,Tonsillectomy or adrenotonsillectomy,Watchful waiting with or without analgesics and antibiotics,Paradise,1984,,NEJM,general,inconclusive
CD001802.PUB3,Tonsillectomy or adenotonsillectomy versus non-surgical treatment for chronic/recurrent acute tonsillitis,Sore throat days (including those immediately post surgery) children,Tonsillectomy or adrenotonsillectomy,Watchful waiting with or without analgesics and antibiotics,Lock,2010,,Health Technology Assessment,general,surgery
CD001802.PUB3,Tonsillectomy or adenotonsillectomy versus non-surgical treatment for chronic/recurrent acute tonsillitis,Sore throat days (including those immediately post surgery) children,Tonsillectomy or adrenotonsillectomy,Watchful waiting with or without analgesics and antibiotics,Paradise,2002,a,Pediatrics,mostly non-surgical,inconclusive
CD001802.PUB3,Tonsillectomy or adenotonsillectomy versus non-surgical treatment for chronic/recurrent acute tonsillitis,Sore throat days (including those immediately post surgery) children,Tonsillectomy or adrenotonsillectomy,Watchful waiting with or without analgesics and antibiotics,Paradise,2002,b,Pediatrics,mostly non-surgical,inconclusive
CD001802.PUB3,Tonsillectomy or adenotonsillectomy versus non-surgical treatment for chronic/recurrent acute tonsillitis,Sore throat days (including those immediately post surgery) children,Tonsillectomy or adrenotonsillectomy,Watchful waiting with or without analgesics and antibiotics,van Staiij,2004,,BMJ,general,surgery
CD001802.PUB3,Tonsillectomy or adenotonsillectomy versus non-surgical treatment for chronic/recurrent acute tonsillitis,Episodes of sore throat of any severity adults,Tonsillectomy or adrenotonsillectomy,Watchful waiting with or without analgesics and antibiotics,Alho,2007,,BMJ,general,surgery
CD001802.PUB3,Tonsillectomy or adenotonsillectomy versus non-surgical treatment for chronic/recurrent acute tonsillitis,Episodes of sore throat of any severity adults,Tonsillectomy or adrenotonsillectomy,Watchful waiting with or without analgesics and antibiotics,Koskenkorva,2013,,CMAJ,general,surgery
CD001802.PUB3,Tonsillectomy or adenotonsillectomy versus non-surgical treatment for chronic/recurrent acute tonsillitis,Sore throat days(including those immediately post_surgery adults,Tonsillectomy or adrenotonsillectomy,Watchful waiting with or without analgesics and antibiotics,Alho,2007,,BMJ,general,surgery
CD001802.PUB3,Tonsillectomy or adenotonsillectomy versus non-surgical treatment for chronic/recurrent acute tonsillitis,Sore throat days(including those immediately post_surgery adults,Tonsillectomy or adrenotonsillectomy,Watchful waiting with or without analgesics and antibiotics,Koskenkorva,2013,,CMAJ,general,surgery
CD001552.PUB2,Surgical versus non-surgical treatment for carpal tunnel syndrome,Improvement in clinical symptoms at three months of follow‐up,Open section of the carpal ligament,NSAID and splinting or corticosteroid injections,Hui,2005,,Neurology,mostly non-surgical,surgery
CD001552.PUB2,Surgical versus non-surgical treatment for carpal tunnel syndrome,Improvement in clinical symptoms at three months of follow‐up,Open section of the carpal ligament,NSAID and splinting or corticosteroid injections,Ly Pen,2005,,Arthritis & Rheumatism,mostly non-surgical,drug
CD003412.PUB3,Interventions for basal cell carcinoma of the skin,Recurrence at 3 y,Surgical excision,Imiquimod,Bath-Hextall,2014,,Lancet Oncology,mostly non-surgical,surgery
CD003412.PUB3,Interventions for basal cell carcinoma of the skin,Recurrence at 5 y,Surgical excision,Imiquimod,Bath-Hextall,2014,,Lancet Oncology,mostly non-surgical,surgery
CD003412.PUB3,Interventions for basal cell carcinoma of the skin,Observer‐rated good/excellent cosmetic outcome,Surgical excision,Imiquimod,Bath-Hextall,2014,,Lancet Oncology,mostly non-surgical,drug
CD003412.PUB3,Interventions for basal cell carcinoma of the skin,Patient‐rated good/excellent cosmetic outcome,Surgical excision,Imiquimod,Bath-Hextall,2014,,Lancet Oncology,mostly non-surgical,drug
CD003412.PUB3,Interventions for basal cell carcinoma of the skin,Recurrence at 3 y,Surgical excision,MAL-PDT,Abbade,2015,,Journal of the American Academy of Dermatology,mostly non-surgical,surgery
CD003412.PUB3,Interventions for basal cell carcinoma of the skin,Observer‐rated good/excellent cosmetic outcome,Surgical excision,MAL-PDT,Rhodes,2004,,Archives of Dermatology,mostly non-surgical,drug
CD003412.PUB3,Interventions for basal cell carcinoma of the skin,Observer‐rated good/excellent cosmetic outcome,Surgical excision,MAL-PDT,Szeimies,2008,,Journal of the European Academy of Dermatology and Venereology,mostly non-surgical,drug
CD003412.PUB3,Interventions for basal cell carcinoma of the skin,Patient‐rated good/excellent cosmetic outcome,Surgical excision,MAL-PDT,Rhodes,2004,,Archives of Dermatology,mostly non-surgical,drug
CD003412.PUB3,Interventions for basal cell carcinoma of the skin,Patient‐rated good/excellent cosmetic outcome,Surgical excision,MAL-PDT,Szeimies,2008,,Journal of the European Academy of Dermatology and Venereology,mostly non-surgical,drug
CD003412.PUB3,Interventions for basal cell carcinoma of the skin,Recurrence at 3 y,Surgical excision,ALA-PDT,Mosterd,2008,,Journal of the European Academy of Dermatology and Venereology : JEADV,mostly non-surgical,surgery
CD003412.PUB3,Interventions for basal cell carcinoma of the skin,Recurrence at 5 y,Surgical excision,ALA-PDT,Mosterd,2008,,Journal of the European Academy of Dermatology and Venereology : JEADV,mostly non-surgical,surgery
CD003983.PUB3,Decompressive craniectomy for the treatment of high intracranial pressure in closed traumatic brain injury,Neurological unfavourable outcome 6 mo,Decompressive craniectomy,Medical treatment (including barbiturates),Taylor,2001,,Child's Nervous System,mostly non-surgical,inconclusive
CD003983.PUB3,Decompressive craniectomy for the treatment of high intracranial pressure in closed traumatic brain injury,Neurological unfavourable outcome 6 mo,Decompressive craniectomy,Medical treatment (including barbiturates),DECRA,2011,,NEJM,general,drug
CD003983.PUB3,Decompressive craniectomy for the treatment of high intracranial pressure in closed traumatic brain injury,Neurological unfavourable outcome 6 mo,Decompressive craniectomy,Medical treatment (including barbiturates),RESCUEicp,2016,,NEJM,general,inconclusive
CD003983.PUB3,Decompressive craniectomy for the treatment of high intracranial pressure in closed traumatic brain injury,Mortality 6 mo,Decompressive craniectomy,Medical treatment (including barbiturates),Taylor,2001,,Child's Nervous System,mostly non-surgical,inconclusive
CD003983.PUB3,Decompressive craniectomy for the treatment of high intracranial pressure in closed traumatic brain injury,Mortality 6 mo,Decompressive craniectomy,Medical treatment (including barbiturates),DECRA,2011,,NEJM,general,inconclusive
CD003983.PUB3,Decompressive craniectomy for the treatment of high intracranial pressure in closed traumatic brain injury,Mortality 6 mo,Decompressive craniectomy,Medical treatment (including barbiturates),RESCUEicp,2016,,NEJM,general,surgery
CD010287.PUB3,Aromatase inhibitors (letrozole) for subfertile women with polycystic ovary syndrome,Live birth,Laparoscopic ovarian drilling,Letrozele,Abdellah,2011,,International Journal of Gynecology & Obstetrics,mostly surgical,inconclusive
CD010287.PUB3,Aromatase inhibitors (letrozole) for subfertile women with polycystic ovary syndrome,Live birth,Laparoscopic ovarian drilling,Letrozele,Abu Hashim,2010,,Archives of Gynecology and Obstetrics,mostly surgical,inconclusive
CD010287.PUB3,Aromatase inhibitors (letrozole) for subfertile women with polycystic ovary syndrome,Live birth,Laparoscopic ovarian drilling,Letrozele,Liu,2015,,Experimental and Therapeutic Medicine,general,inconclusive
CD010287.PUB3,Aromatase inhibitors (letrozole) for subfertile women with polycystic ovary syndrome,Rate of ovarian hyperstimulation syndrome,Laparoscopic ovarian drilling,Letrozele,Abu Hashim,2010,,Archives of Gynecology and Obstetrics,mostly surgical,inconclusive
CD010651.PUB2,Surgical versus non-surgical management for pleural empyema,Mortality,Open thoracotomy,Thoracostomy drainage (with fibrinolytics),Karaman,2004,,European Journal of Pediatric Surgery,mostly surgical,inconclusive
CD010651.PUB2,Surgical versus non-surgical management for pleural empyema,Mortality,VATS,Thoracostomy drainage (with fibrinolytics),Cobanoglu,2014,,Pediatric Reports,mostly non-surgical,inconclusive
CD010651.PUB2,Surgical versus non-surgical management for pleural empyema,Mortality,VATS,Thoracostomy drainage (with fibrinolytics),Kurt,2006,,Pediatrics,mostly non-surgical,inconclusive
CD010651.PUB2,Surgical versus non-surgical management for pleural empyema,Mortality,VATS,Thoracostomy drainage (with fibrinolytics),Marhuenda,2014,,Pediatrics,mostly non-surgical,inconclusive
CD010651.PUB2,Surgical versus non-surgical management for pleural empyema,Mortality,VATS,Thoracostomy drainage (with fibrinolytics),Peter,2009,,Journal of Pediatric Surgery,mostly surgical,inconclusive
CD010651.PUB2,Surgical versus non-surgical management for pleural empyema,Mortality,VATS,Thoracostomy drainage (with fibrinolytics),Sonnappa,2006,,American Journal of Respiratory & Critical Care Medicine,mostly non-surgical,inconclusive
CD010651.PUB2,Surgical versus non-surgical management for pleural empyema,Mortality,VATS,Thoracostomy drainage (with fibrinolytics),Bilgin,2006,,ANZ J Surg,mostly surgical,inconclusive
CD010651.PUB2,Surgical versus non-surgical management for pleural empyema,Mortality,VATS,Thoracostomy drainage (with fibrinolytics),Wait,1997,,Chest,mostly non-surgical,inconclusive
CD011160.PUB2,Anti-vascular endothelial growth factor for choroidal neovascularisation in people with pathological myopia,Change in best corrected visual acuity,Laser surgery,intravitreal anti-VEGF,Parodi,2010,,Archives of Ophthalmology,mostly surgical,surgery
CD011160.PUB2,Anti-vascular endothelial growth factor for choroidal neovascularisation in people with pathological myopia,Proportion of participants with a gain of 3+ lines in BCVA at 1 y,Laser surgery,intravitreal anti-VEGF,Parodi,2010,,Archives of Ophthalmology,mostly surgical,inconclusive
CD012743.PUB2,Ab interno trabecular bypass surgery with iStent for open-angle glaucoma,Proportion of participants who were drop‐free 6-18 mo,iStent,Latanoprost/timolol,Fea,2014,,American Academy of Ophthalmology,mostly surgical,surgery
CD012743.PUB2,Ab interno trabecular bypass surgery with iStent for open-angle glaucoma,Proportion of participants who were drop‐free 6-18 mo,iStent,Latanoprost/timolol,Vold,2016,,Ophthalmology and Therapy,mostly surgical,surgery
CD007630.PUB2,Surgical orbital decompression for thyroid eye disease,Proportion of successes compared to the proportion of treatment failures as defined by the study authors based on the use of composite outcome scores,Surgical orbital decompression,IV Methylprednisolone 1x3 followed by oral prednisolone,Wakelkamp,2005,,Clinical Endocrinology,mostly non-surgical,inconclusive
CD009860.PUB2,Surgery for trigger finger,Resolution of triggering,Open surgery,Corticosteroid injection,Hansen,2017,,The Journal of Hand Surgery (American),mostly surgical,surgery
CD009860.PUB2,Surgery for trigger finger,Resolution of triggering,Open surgery,Corticosteroid injection,Sato,2012,,"Rheumatology (Oxford, England)",mostly non-surgical,surgery
CD013502,Surgery for rotator cuff tears,Pain (VAS) 12 mo,Surgical rotator cuff repair,Non-operative treatment including corticosteroid injection and exercise,Lambers Heerspink,2015,,Journal of Shoulder and Elbow Surgery,mostly surgical,inconclusive
CD003919.PUB2,Laser trabeculoplasty for open angle glaucoma,Failure to control IOP,Argon laser trabeculoplasty,IOP reducing medication,Bergea,1992,,Acta Ophthalmologica Scandinavica,mostly surgical,inconclusive
CD003919.PUB2,Laser trabeculoplasty for open angle glaucoma,Failure to control IOP,Argon laser trabeculoplasty,IOP reducing medication,GLT,1995,,American Journal of Ophthalmology,mostly surgical,surgery
CD003919.PUB2,Laser trabeculoplasty for open angle glaucoma,Failure to control IOP,Argon laser trabeculoplasty,IOP reducing medication,Moorfields,1984,,Transactions of the Ophthalmological Societies of the United Kingdom ,mostly surgical,inconclusive
CD003919.PUB2,Laser trabeculoplasty for open angle glaucoma,Visual field progression,Argon laser trabeculoplasty,IOP reducing medication,Bergea,1992,,Acta Ophthalmologica Scandinavica,mostly surgical,inconclusive
CD003919.PUB2,Laser trabeculoplasty for open angle glaucoma,Visual field progression,Argon laser trabeculoplasty,IOP reducing medication,GLT,1995,,American Journal of Ophthalmology,mostly surgical,inconclusive
CD003919.PUB2,Laser trabeculoplasty for open angle glaucoma,Optic neuropathy progression,Argon laser trabeculoplasty,IOP reducing medication,Bergea,1992,,Acta Ophthalmologica Scandinavica,mostly surgical,inconclusive
CD003919.PUB2,Laser trabeculoplasty for open angle glaucoma,Optic neuropathy progression,Argon laser trabeculoplasty,IOP reducing medication,GLT,1995,,American Journal of Ophthalmology,mostly surgical,inconclusive
CD001923.PUB2,Carotid endarterectomy for asymptomatic carotid stenosis,"Perioperative stroke or death, or stroke of any territory or type during follow up",Carotid endarterectomy and Aspirin 325 mg daily,Aspirin 325 mg daily,VA,1993,,NEJM,general,drug
CD001923.PUB2,Carotid endarterectomy for asymptomatic carotid stenosis,"Perioperative stroke or death, or stroke of any territory or type during follow up",Carotid endarterectomy and Aspirin 325 mg daily,Aspirin 325 mg daily,ACAS,1995,,JAMA,general,drug
CD010264.PUB2,Surgical versus non‐surgical treatment for lumbar spinal stenosis,Oswestry Disability index 6 w,Decompressive surgery with or without fusion,Epidural steroid injection,Brown,2012,,Pain Practice,mostly non-surgical,inconclusive
CD010264.PUB2,Surgical versus non‐surgical treatment for lumbar spinal stenosis,Pain intensity (VAS) 6 w,Decompressive surgery with or without fusion,Epidural steroid injection,Brown,2012,,Pain Practice,mostly non-surgical,drug
CD010264.PUB2,Surgical versus non‐surgical treatment for lumbar spinal stenosis,Zurich claudication questionnaire (symptom evaluation) 6 w,Decompressive surgery with or without fusion,Epidural steroid injection,Brown,2012,,Pain Practice,mostly non-surgical,surgery
CD000200.PUB2,Surgery for primary supratentorial intracerebral haemorrhage,Death or dependence at end of follow up,Surgical decompression,"Dexamethasone, antihypertensives and intermittent diuresis",Auer,1989,,Journal of Neurosurgery,mostly surgical,inconclusive
CD000200.PUB2,Surgery for primary supratentorial intracerebral haemorrhage,Death or dependence at end of follow up,Surgical decompression,"Dexamethasone, antihypertensives and intermittent diuresis",Batjer,1990,,Archives of Neurology,mostly non-surgical,inconclusive
CD000200.PUB2,Surgery for primary supratentorial intracerebral haemorrhage,Death or dependence at end of follow up,Surgical decompression,"Dexamethasone, antihypertensives and intermittent diuresis",Cheng,2001,,Chinese Journal of Clinical Neurosciences,mostly non-surgical,surgery
CD000200.PUB2,Surgery for primary supratentorial intracerebral haemorrhage,Death or dependence at end of follow up,Surgical decompression,"Dexamethasone, antihypertensives and intermittent diuresis",Hattori,2004,,Journal of Neurosurgery,mostly surgical,surgery
CD000200.PUB2,Surgery for primary supratentorial intracerebral haemorrhage,Death or dependence at end of follow up,Surgical decompression,"Dexamethasone, antihypertensives and intermittent diuresis",Juvela,1989,,Journal of Neurosurgery,mostly surgical,inconclusive
CD000200.PUB2,Surgery for primary supratentorial intracerebral haemorrhage,Death or dependence at end of follow up,Surgical decompression,"Dexamethasone, antihypertensives and intermittent diuresis",Mendelow,2005,,Lancet,general,inconclusive
CD000200.PUB2,Surgery for primary supratentorial intracerebral haemorrhage,Death or dependence at end of follow up,Surgical decompression,"Dexamethasone, antihypertensives and intermittent diuresis",Morgenstern,1998,,Neurology,mostly non-surgical,inconclusive
CD000200.PUB2,Surgery for primary supratentorial intracerebral haemorrhage,Death or dependence at end of follow up,Surgical decompression,"Dexamethasone, antihypertensives and intermittent diuresis",Teernstra,2003,,Stroke,mostly non-surgical,inconclusive
CD000200.PUB2,Surgery for primary supratentorial intracerebral haemorrhage,Death or dependence at end of follow up,Surgical decompression,"Dexamethasone, antihypertensives and intermittent diuresis",Zuccarello,1999,,Stroke,mostly non-surgical,inconclusive
CD001532.PUB5,Interventions for primary vesicoureteric reflux,Rate of patients with symptomatic UTI,Surgical reimplantation of ureters,Antibiotics,IRS EUR,2003,,Acta Paediatrica,mostly non-surgical,inconclusive